CALMAR98R17Z300P,Marco,Calavaro,1998-10-17,Roma,via valle della noce,mar.calavaro@gmail.com,2020-04-15,Administation,luca
BUTJAM57H13S416G,James,Butt,1957-06-13,New Orleans,6649 N Blue Gum St,jbutt@gmail.com,2020-04-16,System Engineer,pippo
DARJOS61T56Q127E,Josephine,Darakjy,1961-12-16,Brighton,4 B Blue Ridge Blvd,josephine_darakjy@darakjy.org,2020-01-22,Spazi,lollo
VENART62D25Z927V,Art,Venere,1962-04-25,Bridgeport,8 W Cerritos Ave #54,art@venere.org,2020-02-17,Customer Service,guest
PAPLEN53L23D669O,Lenna,Paprocki,1953-07-23,Anchorage,639 Main St,lpaprocki@hotmail.com,2020-03-18,Development,guest6
FOLDON56D1Z365C,Donette,Foller,1956-04-01,Hamilton,34 Center St,donette.foller@cox.net,2020-04-12,Finance,guest7
MORSIM55D67C786I,Simona,Morasca,1955-04-27,Ashland,3 Mcauley Dr,simona@morasca.com,2020-04-15,Human Resources,guest8
TOLMIT57A60D688A,Mitsue,Tollner,1957-01-20,Chicago,7 Eads St,mitsue_tollner@yahoo.com,2020-04-16,Marketing,guest9
DILLEO56P21A937T,Leota,Dilliard,1956-09-21,San Jose,7 W Jackson Blvd,leota@hotmail.com,2020-01-22,Production,guest10
WIESAG55L45Z675I,Sage,Wieser,1955-07-05,Sioux Falls,5 Boston Ave #88,sage_wieser@cox.net,2020-02-01,Quality Management,guest11
MARKRI64C57I639M,Kris,Marrier,1964-03-17,Baltimore,228 Runamuck Pl #2808,kris@gmail.com,2020-03-08,Research,guest12
AMIMIN58M68G410Q,Minna,Amigon,1958-08-28,Kulpsville,2371 Jerrold Ave,minna_amigon@yahoo.com,2020-04-19,Sales,guest13
MACABE65A19R253D,Abel,Maclead,1965-01-19,Middle Island,37275 St  Rt 17m M,amaclead@gmail.com,2020-04-15,Customer Service,guest14
CALKIL56L10S110Z,Kiley,Caldarera,1956-07-10,Los Angeles,25 E 75th St #69,kiley.caldarera@aol.com,2020-04-16,Development,guest15
RUTGRA58B26L511F,Graciela,Ruta,1958-02-26,Chagrin Falls,98 Connecticut Ave Nw,gruta@cox.net,2020-01-22,Finance,guest16
ALBCAM52E5I906E,Cammy,Albares,1952-05-05,Laredo,56 E Morehead St,calbares@gmail.com,2020-02-17,Human Resources,guest17
POQMAT54D9I994D,Mattie,Poquette,1954-04-09,Phoenix,73 State Road 434 E,mattie@aol.com,2020-03-18,Marketing,guest18
GARMEA57S52I974Q,Meaghan,Garufi,1957-11-12,Mc Minnville,69734 E Carrillo St,meaghan@hotmail.com,2020-04-12,Production,guest19
RIMGLA56E66Q824Q,Gladys,Rim,1956-05-26,Milwaukee,322 New Horizon Blvd,gladys.rim@rim.org,2020-04-15,Quality Management,guest20
WHOYUK64B2G732P,Yuki,Whobrey,1964-02-02,Taylor,1 State Route 27,yuki_whobrey@aol.com,2020-04-16,Research,guest21
FLOFLE52H29L706U,Fletcher,Flosi,1952-06-29,Rockford,394 Manchester Blvd,fletcher.flosi@yahoo.com,2020-01-22,Sales,guest22
NICBET64H22T637F,Bette,Nicka,1964-06-22,Aston,6 S 33rd St,bette_nicka@cox.net,2020-02-01,Customer Service,guest23
INOVER63C3P967Q,Veronika,Inouye,1963-03-03,San Jose,6 Greenleaf Ave,vinouye@aol.com,2020-03-08,Development,guest24
KOLWIL59C62E872P,Willard,Kolmetz,1959-03-22,Irving,618 W Yakima Ave,willard@hotmail.com,2020-04-19,Finance,guest25
ROYMAR54H42N137L,Maryann,Royster,1954-06-02,Albany,74 S Westgate St,mroyster@royster.com,2020-04-15,Human Resources,guest26
SLUALI56A10H333C,Alisha,Slusarski,1956-01-10,Middlesex,3273 State St,alisha@slusarski.com,2020-04-16,Marketing,guest27
ITUALL59M17M660V,Allene,Iturbide,1959-08-17,Stevens Point,1 Central Ave,allene_iturbide@cox.net,2020-01-22,Production,guest28
CAUCHA63R64T148U,Chanel,Caudy,1963-10-24,Shawnee,86 Nw 66th St #8673,chanel.caudy@caudy.org,2020-02-17,Quality Management,guest29
CHUEZE55T28C831P,Ezekiel,Chui,1955-12-28,Easton,2 Cedar Ave #84,ezekiel@chui.com,2020-03-18,Research,guest30
KUSWIL58M13Z637T,Willow,Kusko,1958-08-13,New York,90991 Thorburn Ave,wkusko@yahoo.com,2020-04-12,Sales,guest31
FIGBER57H25Z609H,Bernardo,Figeroa,1957-06-25,Conroe,386 9th Ave N,bfigeroa@aol.com,2020-04-15,Customer Service,guest32
CORAMM52B13V580T,Ammie,Corrio,1952-02-13,Columbus,74874 Atlantic Ave,ammie@corrio.com,2020-04-16,Development,guest33
VOCFRA58H70D386P,Francine,Vocelka,1958-06-30,Las Cruces,366 South Dr,francine_vocelka@vocelka.com,2020-01-22,Finance,guest34
STEERN61E25F386G,Ernie,Stenseth,1961-05-25,Ridgefield Park,45 E Liberty St,ernie_stenseth@aol.com,2020-02-01,Human Resources,guest35
GLIALB53S6M481I,Albina,Glick,1953-11-06,Dunellen,4 Ralph Ct,albina@glick.com,2020-03-08,Marketing,guest36
SERALI54P2Z930S,Alishia,Sergi,1954-09-02,New York,2742 Distribution Way,asergi@gmail.com,2020-04-19,Production,guest37
SHISOL59L17H426U,Solange,Shinko,1959-07-17,Metairie,426 Wolf St,solange@shinko.com,2020-04-15,Quality Management,guest38
STOJOS57R12S559Z,Jose,Stockham,1957-10-12,New York,128 Bransten Rd,jose@yahoo.com,2020-04-16,Research,guest39
OSTROZ63H17Q785P,Rozella,Ostrosky,1963-06-17,Camarillo,17 Morena Blvd,rozella.ostrosky@ostrosky.com,2020-01-22,Sales,guest40
GILVAL56L7M218H,Valentine,Gillian,1956-07-07,San Antonio,775 W 17th St,valentine_gillian@gmail.com,2020-02-17,Administation,guest41
RULKAT61T65R642F,Kati,Rulapaugh,1961-12-25,Abilene,6980 Dorsett Rd,kati.rulapaugh@hotmail.com,2020-03-18,System Engineer,guest42
SCHYOU58D49E322H,Youlanda,Schemmer,1958-04-09,Prineville,2881 Lewis Rd,youlanda@aol.com,2020-04-12,Spazi,guest43
OLDDYA59D50C795N,Dyan,Oldroyd,1959-04-10,Overland Park,7219 Woodfield Rd,doldroyd@aol.com,2020-04-15,Customer Service,guest44
CAMROX58D27U912H,Roxane,Campain,1958-04-27,Fairbanks,1048 Main St,roxane@hotmail.com,2020-04-16,Development,guest45
PERLAV55P49T905S,Lavera,Perin,1955-09-09,Miami,678 3rd Ave,lperin@perin.org,2020-01-22,Finance,guest46
FERERI52T3L969V,Erick,Ferencz,1952-12-03,Fairbanks,20 S Babcock St,erick.ferencz@aol.com,2020-02-01,Human Resources,guest47
SAYFAT56L29R781A,Fatima,Saylors,1956-07-29,Hopkins,2 Lighthouse Ave,fsaylors@saylors.org,2020-03-08,Marketing,guest48
BRIJIN57A10R906H,Jina,Briddick,1957-01-10,Boston,38938 Park Blvd,jina_briddick@briddick.com,2020-04-19,Production,guest49
WAYKAN60B8R697V,Kanisha,Waycott,1960-02-08,Los Angeles,5 Tomahawk Dr,kanisha_waycott@yahoo.com,2020-04-15,Quality Management,guest50
BOWEME62R64L304F,Emerson,Bowley,1962-10-24,Madison,762 S Main St,emerson.bowley@bowley.org,2020-04-16,Research,guest51
MALBLA63T10V198P,Blair,Malet,1963-12-10,Philadelphia,209 Decker Dr,bmalet@yahoo.com,2020-01-22,Sales,guest52
BOLBRO59P28T408C,Brock,Bolognia,1959-09-28,New York,4486 W O St #1,bbolognia@yahoo.com,2020-02-17,Customer Service,guest53
NESLOR59S5S526D,Lorrie,Nestle,1959-11-05,Tullahoma,39 S 7th St,lnestle@hotmail.com,2020-03-18,Development,guest54
UYESAB52R46Q303B,Sabra,Uyetake,1952-10-06,Columbia,98839 Hawthorne Blvd #6101,sabra@uyetake.org,2020-04-12,Finance,guest55
MASMAR56S24S311H,Marjory,Mastella,1956-11-24,Wayne,71 San Mateo Ave,mmastella@mastella.com,2020-04-15,Human Resources,guest56
KLOKAR53L19E922I,Karl,Klonowski,1953-07-19,Flemington,76 Brooks St #9,karl_klonowski@yahoo.com,2020-04-16,Marketing,guest57
WENTON61A62G238E,Tonette,Wenner,1961-01-22,Westbury,4545 Courthouse Rd,twenner@aol.com,2020-01-22,Production,guest58
MONAMB63T57P956F,Amber,Monarrez,1963-12-17,Jenkintown,14288 Foster Ave #4121,amber_monarrez@monarrez.org,2020-02-01,Quality Management,guest59
SEESHE63A24L161D,Shenika,Seewald,1963-01-24,Van Nuys,4 Otis St,shenika@gmail.com,2020-03-08,Research,guest60
AHLDEL63S50N160B,Delmy,Ahle,1963-11-10,Providence,65895 S 16th St,delmy.ahle@hotmail.com,2020-04-19,Sales,guest61
JUHDEE61A6P907Z,Deeanna,Juhas,1961-01-06,Huntingdon Valley,14302 Pennsylvania Ave,deeanna_juhas@gmail.com,2020-04-15,Customer Service,guest62
PUGBLO59P30F466Q,Blondell,Pugh,1959-09-30,Providence,201 Hawk Ct,bpugh@aol.com,2020-04-16,Development,guest63
VANJAM63B19Q537E,Jamal,Vanausdal,1963-02-19,Monroe Township,53075 Sw 152nd Ter #615,jamal@vanausdal.org,2020-01-22,Finance,guest64
HOLCEC56R66M934S,Cecily,Hollack,1956-10-26,Austin,59 N Groesbeck Hwy,cecily@hollack.org,2020-02-17,Human Resources,guest65
LINCAR56D8M976B,Carmelina,Lindall,1956-04-08,Littleton,2664 Lewis Rd,carmelina_lindall@lindall.com,2020-03-18,Marketing,guest66
YGLMAU54E20N996N,Maurine,Yglesias,1954-05-20,Milwaukee,59 Shady Ln #53,maurine_yglesias@yglesias.com,2020-04-12,Production,guest67
BUVTAW62P4Q806S,Tawna,Buvens,1962-09-04,New York,3305 Nabell Ave #679,tawna@gmail.com,2020-04-15,Quality Management,guest68
WEIPEN63C13Q202E,Penney,Weight,1963-03-13,Anchorage,18 Fountain St,penney_weight@aol.com,2020-04-16,Research,guest69
MORELL54T25H645L,Elly,Morocco,1954-12-25,Erie,7 W 32nd St,elly_morocco@gmail.com,2020-01-22,Sales,guest70
EROILE56A70I625A,Ilene,Eroman,1956-01-30,Glen Burnie,2853 S Central Expy,ilene.eroman@hotmail.com,2020-02-01,Customer Service,guest71
MONVAL60M28N994S,Vallie,Mondella,1960-08-28,Boise,74 W College St,vmondella@mondella.com,2020-03-08,Development,guest72
BLAKAL64T22A300D,Kallie,Blackwood,1964-12-22,San Francisco,701 S Harrison Rd,kallie.blackwood@gmail.com,2020-04-19,Finance,guest73
ABDJOH56D52P298M,Johnetta,Abdallah,1956-04-12,Chapel Hill,1088 Pinehurst St,johnetta_abdallah@aol.com,2020-04-15,Human Resources,guest74
RHYBOB63S30Q854B,Bobbye,Rhym,1963-11-30,San Carlos,30 W 80th St #1995,brhym@rhym.com,2020-04-16,Marketing,guest75
RHYMIC59M60F572D,Micaela,Rhymes,1959-08-20,Concord,20932 Hedley St,micaela_rhymes@gmail.com,2020-01-22,Production,guest76
HOOTAM63R53M115N,Tamar,Hoogland,1963-10-13,London,2737 Pistorio Rd #9230,tamar@hotmail.com,2020-02-17,Quality Management,guest77
PARMOO62B64H626V,Moon,Parlato,1962-02-24,Wellsville,74989 Brandon St,moon@yahoo.com,2020-03-18,Research,guest78
REILAU56T19S157M,Laurel,Reitler,1956-12-19,Baltimore,6 Kains Ave,laurel_reitler@reitler.com,2020-04-12,Sales,guest79
CRUDEL65A41H196Z,Delisa,Crupi,1965-01-01,Newark,47565 W Grand Ave,delisa.crupi@crupi.com,2020-04-15,Administation,guest80
TOEVIV52T47T722O,Viva,Toelkes,1952-12-07,Chicago,4284 Dorigo Ln,viva.toelkes@gmail.com,2020-04-16,System Engineer,guest81
LIPELZ57C8G167O,Elza,Lipke,1957-03-08,Newark,6794 Lake Dr E,elza@yahoo.com,2020-01-22,Spazi,guest82
CHIDEV59A27I177M,Devorah,Chickering,1959-01-27,Clovis,31 Douglas Blvd #950,devorah@hotmail.com,2020-02-01,Customer Service,guest83
MULTIM65A25T589S,Timothy,Mulqueen,1965-01-25,Staten Island,44 W 4th St,timothy_mulqueen@mulqueen.org,2020-03-08,Development,guest84
HONARL59R18R351V,Arlette,Honeywell,1959-10-18,Jacksonville,11279 Loytan St,ahoneywell@honeywell.com,2020-04-19,Finance,guest85
DICDOM61L17P967M,Dominque,Dickerson,1961-07-17,Hayward,69 Marquette Ave,dominque.dickerson@dickerson.org,2020-04-15,Human Resources,guest86
ISELET57C13L803S,Lettie,Isenhower,1957-03-13,Beachwood,70 W Main St,lettie_isenhower@yahoo.com,2020-04-16,Marketing,guest87
MUNMYR61M30V355A,Myra,Munns,1961-08-30,Euless,461 Prospect Pl #316,mmunns@cox.net,2020-01-22,Production,guest88
BARSTE61P60L707G,Stephaine,Barfield,1961-09-20,Gardena,47154 Whipple Ave Nw,stephaine@barfield.com,2020-02-17,Quality Management,guest89
GATLAI52M64E505M,Lai,Gato,1952-08-24,Evanston,37 Alabama Ave,lai.gato@gato.org,2020-03-18,Research,guest90
EMISTE56M63G257M,Stephen,Emigh,1956-08-23,Akron,3777 E Richmond St #900,stephen_emigh@hotmail.com,2020-04-12,Sales,guest91
SHITYR59R17R921E,Tyra,Shields,1959-10-17,Philadelphia,3 Fort Worth Ave,tshields@gmail.com,2020-04-15,Customer Service,guest92
WARTAM58M24R407Z,Tammara,Wardrip,1958-08-24,Burlingame,4800 Black Horse Pike,twardrip@cox.net,2020-04-16,Development,guest93
GIBCOR61P68G569Q,Cory,Gibes,1961-09-28,San Gabriel,83649 W Belmont Ave,cory.gibes@gmail.com,2020-01-22,Finance,guest94
BRUDAN64P9T429S,Danica,Bruschke,1964-09-09,Waco,840 15th Ave,danica_bruschke@gmail.com,2020-02-01,Human Resources,guest95
GIGWIL57D43D842O,Wilda,Giguere,1957-04-03,Anchorage,1747 Calle Amanecer #2,wilda@cox.net,2020-03-08,Marketing,guest96
BENELV62A12E720R,Elvera,Benimadho,1962-01-12,San Jose,99385 Charity St #840,elvera.benimadho@cox.net,2020-04-19,Production,guest97
VANCAR53T21D856H,Carma,Vanheusen,1953-12-21,San Leandro,68556 Central Hwy,carma@cox.net,2020-04-15,Quality Management,guest98
HOCMAL61E24S664Z,Malinda,Hochard,1961-05-24,Indianapolis,55 Riverside Ave,malinda.hochard@yahoo.com,2020-04-16,Research,guest99
FERNAT59D58Z441T,Natalie,Fern,1959-04-18,Rock Springs,7140 University Ave,natalie.fern@hotmail.com,2020-01-22,Sales,guest100
CENLIS53H49U157U,Lisha,Centini,1953-06-09,Mc Lean,64 5th Ave #1153,lisha@centini.org,2020-02-17,Customer Service,guest101
KLUARL64P55C755H,Arlene,Klusman,1964-09-15,New Orleans,3 Secor Rd,arlene_klusman@gmail.com,2020-03-18,Development,guest102
BUEALE53R44Q740T,Alease,Buemi,1953-10-04,Boulder,4 Webbs Chapel Rd,alease@buemi.com,2020-04-12,Finance,guest103
CROLOU57D69A645C,Louisa,Cronauer,1957-04-29,San Leandro,524 Louisiana Ave Nw,louisa@cronauer.com,2020-04-15,Human Resources,guest104
CETANG62P9I173N,Angella,Cetta,1962-09-09,Honolulu,185 Blackstone Bldge,angella.cetta@hotmail.com,2020-04-16,Marketing,guest105
GOLCYN57R7D294R,Cyndy,Goldammer,1957-10-07,Burnsville,170 Wyoming Ave,cgoldammer@cox.net,2020-01-22,Production,guest106
CORROS52E17R802O,Rosio,Cork,1952-05-17,High Point,4 10th St W,rosio.cork@gmail.com,2020-02-01,Quality Management,guest107
KORCEL53D7E255O,Celeste,Korando,1953-04-07,Lynbrook,7 W Pinhook Rd,ckorando@hotmail.com,2020-03-08,Research,guest108
FELTWA64B44H166P,Twana,Felger,1964-02-04,Portland,1 Commerce Way,twana.felger@felger.org,2020-04-19,Sales,guest109
SAMEST58R6F410S,Estrella,Samu,1958-10-06,Beloit,64 Lakeview Ave,estrella@aol.com,2020-04-15,Customer Service,guest110
KINDON64B58C807G,Donte,Kines,1964-02-18,Worcester,3 Aspen St,dkines@hotmail.com,2020-04-16,Development,guest111
STETIF62H42G180H,Tiffiny,Steffensmeier,1962-06-02,Miami,32860 Sierra Rd,tiffiny_steffensmeier@cox.net,2020-01-22,Finance,guest112
MICEDN53R43G812I,Edna,Miceli,1953-10-03,Erie,555 Main St,emiceli@miceli.org,2020-02-17,Human Resources,guest113
KOWSUE60B53D175L,Sue,Kownacki,1960-02-13,Mesquite,2 Se 3rd Ave,sue@aol.com,2020-03-18,Marketing,guest114
SHIJES63H18A499R,Jesusa,Shin,1963-06-18,Tullahoma,2239 Shawnee Mission Pky,jshin@shin.com,2020-04-12,Production,guest115
FRAROL55S56F282O,Rolland,Francescon,1955-11-16,Paterson,2726 Charcot Ave,rolland@cox.net,2020-04-15,Quality Management,guest116
SCHPAM59L7D551H,Pamella,Schmierer,1959-07-07,Homestead,5161 Dorsett Rd,pamella.schmierer@schmierer.org,2020-04-16,Research,guest117
KULGLO63D43G552C,Glory,Kulzer,1963-04-03,Owings Mills,55892 Jacksonville Rd,gkulzer@kulzer.org,2020-01-22,Sales,guest118
PALSHA63T55S130Q,Shawna,Palaspas,1963-12-15,Thousand Oaks,5 N Cleveland Massillon Rd,shawna_palaspas@palaspas.org,2020-02-01,Administation,guest119
CALBRA60B60E526T,Brandon,Callaro,1960-02-20,Honolulu,7 Benton Dr,brandon_callaro@hotmail.com,2020-03-08,System Engineer,guest120
CARSCA53H18A134N,Scarlet,Cartan,1953-06-18,Albany,9390 S Howell Ave,scarlet.cartan@yahoo.com,2020-04-19,Spazi,guest121
MENORE63E63S293H,Oretha,Menter,1963-05-23,Boston,8 County Center Dr #647,oretha_menter@yahoo.com,2020-04-15,Customer Service,guest122
SMITY55T28S243B,Ty,Smith,1955-12-28,Hackensack,4646 Kaahumanu St,tsmith@aol.com,2020-04-16,Development,guest123
ROCXUA64C6E860N,Xuan,Rochin,1964-03-06,San Mateo,2 Monroe St,xuan@gmail.com,2020-01-22,Finance,guest124
DILLIN57L31U921A,Lindsey,Dilello,1957-07-31,Ontario,52777 Leaders Heights Rd,lindsey.dilello@hotmail.com,2020-02-17,Human Resources,guest125
PERDEV55L24A308U,Devora,Perez,1955-07-24,Oakland,72868 Blackington Ave,devora_perez@perez.org,2020-03-18,Marketing,guest126
DEMHER56E56A493N,Herman,Demesa,1956-05-16,Troy,9 Norristown Rd,hdemesa@cox.net,2020-04-12,Production,guest127
PAPROR59E2P190T,Rory,Papasergi,1959-05-02,Clarks Summit,83 County Road 437 #8581,rpapasergi@cox.net,2020-04-15,Quality Management,guest128
RIOTAL63C69T862G,Talia,Riopelle,1963-03-29,Orange,1 N Harlem Ave #9,talia_riopelle@aol.com,2020-04-16,Research,guest129
SHIVAN63T71B850G,Van,Shire,1963-12-31,Pittstown,90131 J St,van.shire@shire.com,2020-01-22,Sales,guest130
LARLUC64P15R783R,Lucina,Lary,1964-09-15,Cocoa,8597 W National Ave,lucina_lary@cox.net,2020-02-01,Customer Service,guest131
ISABOK63E16V526P,Bok,Isaacs,1963-05-16,Bronx,6 Gilson St,bok.isaacs@aol.com,2020-03-08,Development,guest132
SPIROL52S21O639V,Rolande,Spickerman,1952-11-21,Pearl City,65 W Maple Ave,rolande.spickerman@spickerman.com,2020-04-19,Finance,guest133
PAUHOW56L19Q375P,Howard,Paulas,1956-07-19,Denver,866 34th Ave,hpaulas@gmail.com,2020-04-15,Human Resources,guest134
MADKIM54H11V931D,Kimbery,Madarang,1954-06-11,Rockaway,798 Lund Farm Way,kimbery_madarang@cox.net,2020-04-16,Marketing,guest135
MANTHU59M31F301L,Thurman,Manno,1959-08-31,Absecon,9387 Charcot Ave,thurman.manno@yahoo.com,2020-01-22,Production,guest136
MIRBEC63H25A535N,Becky,Mirafuentes,1963-06-25,Plainfield,30553 Washington Rd,becky.mirafuentes@mirafuentes.com,2020-02-17,Quality Management,guest137
CORBEA64R23T245T,Beatriz,Corrington,1964-10-23,Middleboro,481 W Lemon St,beatriz@yahoo.com,2020-03-18,Research,guest138
MAYMAR61E19H603D,Marti,Maybury,1961-05-19,Chicago,4 Warehouse Point Rd #7,marti.maybury@yahoo.com,2020-04-12,Sales,guest139
GOTNIE64R29L588B,Nieves,Gotter,1964-10-29,Portland,4940 Pulaski Park Dr,nieves_gotter@gmail.com,2020-04-15,Customer Service,guest140
HAGLEA62H69G850G,Leatha,Hagele,1962-06-29,Dallas,627 Walford Ave,lhagele@cox.net,2020-04-16,Development,guest141
KLIVAL55M58I510C,Valentin,Klimek,1955-08-18,Chicago,137 Pioneer Way,vklimek@klimek.org,2020-01-22,Finance,guest142
WIKMEL59E53G370N,Melissa,Wiklund,1959-05-13,Findlay,61 13 Stoneridge #835,melissa@cox.net,2020-02-01,Human Resources,guest143
ZANSHE61B24A474T,Sheridan,Zane,1961-02-24,Riverside,2409 Alabama Rd,sheridan.zane@zane.com,2020-03-08,Marketing,guest144
PADBUL55S5I590H,Bulah,Padilla,1955-11-05,Waco,8927 Vandever Ave,bulah_padilla@hotmail.com,2020-04-19,Production,guest145
KOHAUD55A5T834T,Audra,Kohnert,1955-01-05,Nashville,134 Lewis Rd,audra@kohnert.com,2020-04-15,Quality Management,guest146
WEIDAR62R46C409S,Daren,Weirather,1962-10-06,Milwaukee,9 N College Ave #3,dweirather@aol.com,2020-04-16,Research,guest147
JILFER62B1S121Q,Fernanda,Jillson,1962-02-01,Preston,60480 Old Us Highway 51,fjillson@aol.com,2020-01-22,Sales,guest148
GELGEA63A12Z513P,Gearldine,Gellinger,1963-01-12,Irving,4 Bloomfield Ave,gearldine_gellinger@gellinger.com,2020-02-17,Customer Service,guest149
KITCHA57T20D326S,Chau,Kitzman,1957-12-20,Beverly Hills,429 Tiger Ln,chau@gmail.com,2020-03-18,Development,guest150
FRETHE63E52H783F,Theola,Frey,1963-05-12,Massapequa,54169 N Main St,theola_frey@frey.com,2020-04-12,Finance,guest151
HARCHE52H52U858U,Cheryl,Haroldson,1952-06-12,Atlantic City,92 Main St,cheryl@haroldson.org,2020-04-15,Human Resources,guest152
MERLAT57C20U938L,Laticia,Merced,1957-03-20,Cincinnati,72 Mannix Dr,lmerced@gmail.com,2020-04-16,Marketing,guest153
BATCAR59M43V993S,Carissa,Batman,1959-08-03,Eugene,12270 Caton Center Dr,carissa.batman@yahoo.com,2020-01-22,Production,guest154
CRALEZ63R7Z475M,Lezlie,Craghead,1963-10-07,Smithfield,749 W 18th St #45,lezlie.craghead@craghead.org,2020-02-01,Quality Management,guest155
SHEOZE53C65I996B,Ozell,Shealy,1953-03-25,New York,8 Industry Ln,oshealy@hotmail.com,2020-03-08,Research,guest156
PARARM64B8H987O,Arminda,Parvis,1964-02-08,Phoenix,1 Huntwood Ave,arminda@parvis.com,2020-04-19,Sales,guest157
LETREI58M1G362N,Reita,Leto,1958-08-01,Indianapolis,55262 N French Rd,reita.leto@gmail.com,2020-04-15,Administation,guest158
LUCYOL62P25A118E,Yolando,Luczki,1962-09-25,Syracuse,422 E 21st St,yolando@cox.net,2020-04-16,System Engineer,guest159
STELIZ62T31Q345H,Lizette,Stem,1962-12-31,Cherry Hill,501 N 19th Ave,lizette.stem@aol.com,2020-01-22,Spazi,guest160
PAWGRE57M23D456F,Gregoria,Pawlowicz,1957-08-23,Garden City,455 N Main Ave,gpawlowicz@yahoo.com,2020-02-17,Customer Service,guest161
DELCAR64R8O657I,Carin,Deleo,1964-10-08,Little Rock,1844 Southern Blvd,cdeleo@deleo.com,2020-03-18,Development,guest162
MAYCHA56A58H296M,Chantell,Maynerich,1956-01-18,Saint Paul,2023 Greg St,chantell@yahoo.com,2020-04-12,Finance,guest163
YUMDIE60E1B869A,Dierdre,Yum,1960-05-01,Philadelphia,63381 Jenks Ave,dyum@yahoo.com,2020-04-15,Human Resources,guest164
GUDLAR58P7L892T,Larae,Gudroe,1958-09-07,Houma,6651 Municipal Rd,larae_gudroe@gmail.com,2020-04-16,Marketing,guest165
TOLLAT63D17V973R,Latrice,Tolfree,1963-04-17,Ronkonkoma,81 Norris Ave #525,latrice.tolfree@hotmail.com,2020-01-22,Production,guest166
THEKER56R27O251E,Kerry,Theodorov,1956-10-27,Sacramento,6916 W Main St,kerry.theodorov@gmail.com,2020-02-01,Quality Management,guest167
HIDDOR55D54S319B,Dorthy,Hidvegi,1955-04-14,Boise,9635 S Main St,dhidvegi@yahoo.com,2020-03-08,Research,guest168
LUNFAN61S5L899H,Fannie,Lungren,1961-11-05,Round Rock,17 Us Highway 111,fannie.lungren@yahoo.com,2020-04-19,Sales,guest169
RADEVA58A30N291N,Evangelina,Radde,1958-01-30,Philadelphia,992 Civic Center Dr,evangelina@aol.com,2020-04-15,Customer Service,guest170
DEGNOV57E61A149U,Novella,Degroot,1957-05-21,Hilo,303 N Radcliffe St,novella_degroot@degroot.org,2020-04-16,Development,guest171
HOACLA53T42M605G,Clay,Hoa,1953-12-02,Reno,73 Saint Ann St #86,choa@hoa.org,2020-01-22,Finance,guest172
FALJEN62T3A410H,Jennifer,Fallick,1962-12-03,Wheeling,44 58th St,jfallick@yahoo.com,2020-02-17,Human Resources,guest173
WOLIRM58R70C864O,Irma,Wolfgramm,1958-10-30,Randolph,9745 W Main St,irma.wolfgramm@hotmail.com,2020-03-18,Marketing,guest174
COOEUN63T10I628O,Eun,Coody,1963-12-10,Spartanburg,84 Bloomfield Ave,eun@yahoo.com,2020-04-12,Production,guest175
COUSYL60R10D111E,Sylvia,Cousey,1960-10-10,Hampstead,287 Youngstown Warren Rd,sylvia_cousey@cousey.org,2020-04-15,Quality Management,guest176
WRINAN64B63N850Z,Nana,Wrinkles,1964-02-23,Mount Vernon,6 Van Buren St,nana@aol.com,2020-04-16,Research,guest177
SPRLAY60S51H578R,Layla,Springe,1960-11-11,New York,229 N Forty Driv,layla.springe@cox.net,2020-01-22,Sales,guest178
DEGJOE54H29U440R,Joesph,Degonia,1954-06-29,Berkeley,2887 Knowlton St #5435,joesph_degonia@degonia.org,2020-02-01,Customer Service,guest179
BOOANN57M23T464O,Annabelle,Boord,1957-08-23,Concord,523 Marquette Ave,annabelle.boord@cox.net,2020-03-08,Development,guest180
VINSTE57P60D804F,Stephaine,Vinning,1957-09-20,San Francisco,3717 Hamann Industrial Pky,stephaine@cox.net,2020-04-19,Finance,guest181
SAWNEL58L18V413H,Nelida,Sawchuk,1958-07-18,Paramus,3 State Route 35 S,nelida@gmail.com,2020-04-15,Human Resources,guest182
HIAMAR58L17G694M,Marguerita,Hiatt,1958-07-17,Oakley,82 N Highway 67,marguerita.hiatt@gmail.com,2020-04-16,Marketing,guest183
COOCAR56E68I138C,Carmela,Cookey,1956-05-28,Chicago,9 Murfreesboro Rd,ccookey@cookey.org,2020-01-22,Production,guest184
BRIJUN56S20H561Z,Junita,Brideau,1956-11-20,Cedar Grove,6 S Broadway St,jbrideau@aol.com,2020-02-17,Quality Management,guest185
VARCLA60E8C945N,Claribel,Varriano,1960-05-08,Perrysburg,6 Harry L Dr #6327,claribel_varriano@cox.net,2020-03-18,Research,guest186
SKUBEN64C43E914R,Benton,Skursky,1964-03-03,Gardena,47939 Porter Ave,benton.skursky@aol.com,2020-04-12,Sales,guest187
SKUHIL61L12G593P,Hillary,Skulski,1961-07-12,Homosassa,9 Wales Rd Ne #914,hillary.skulski@aol.com,2020-04-15,Customer Service,guest188
BAYMER63S50V411F,Merilyn,Bayless,1963-11-10,Santa Clara,195 13n N,merilyn_bayless@cox.net,2020-04-16,Development,guest189
ENNTER54H63N533Z,Teri,Ennaco,1954-06-23,Hazleton,99 Tank Farm Rd,tennaco@gmail.com,2020-01-22,Finance,guest190
LAWMER62C4H123O,Merlyn,Lawler,1962-03-04,Jersey City,4671 Alemany Blvd,merlyn_lawler@hotmail.com,2020-02-01,Human Resources,guest191
MONGEO56L70F497V,Georgene,Montezuma,1956-07-30,San Ramon,98 University Dr,gmontezuma@cox.net,2020-03-08,Marketing,guest192
MCOJET58P25I585D,Jettie,Mconnell,1958-09-25,Bridgewater,50 E Wacker Dr,jmconnell@hotmail.com,2020-04-19,Production,guest193
LATLEM63R1F476C,Lemuel,Latzke,1963-10-01,Bohemia,70 Euclid Ave #722,lemuel.latzke@gmail.com,2020-04-15,Quality Management,guest194
KNIMEL52T22U642M,Melodie,Knipp,1952-12-22,Thousand Oaks,326 E Main St #6496,mknipp@gmail.com,2020-04-16,Research,guest195
CORCAN64M41F431S,Candida,Corbley,1964-08-01,Somerville,406 Main St,candida_corbley@hotmail.com,2020-01-22,Sales,guest196
KARKAR52L24Q896D,Karan,Karpin,1952-07-24,Beaverton,3 Elmwood Dr,karan_karpin@gmail.com,2020-02-17,Administation,guest197
SCHAND60R22E913S,Andra,Scheyer,1960-10-22,Salem,9 Church St,andra@gmail.com,2020-03-18,System Engineer,guest198
POUFEL64T50R355A,Felicidad,Poullion,1964-12-10,Riverton,9939 N 14th St,fpoullion@poullion.com,2020-04-12,Spazi,guest199
STRBEL54A24V188A,Belen,Strassner,1954-01-24,Douglasville,5384 Southwyck Blvd,belen_strassner@aol.com,2020-04-15,Customer Service,guest200
MELGRA61E7D553B,Gracia,Melnyk,1961-05-07,Jacksonville,97 Airport Loop Dr,gracia@melnyk.com,2020-04-16,Development,guest201
HANJOL57S10Z780T,Jolanda,Hanafan,1957-11-10,Bangor,37855 Nolan Rd,jhanafan@gmail.com,2020-01-22,Finance,guest202
TOYBAR56R55O651R,Barrett,Toyama,1956-10-15,Kennedale,4252 N Washington Ave #9,barrett.toyama@toyama.org,2020-02-01,Human Resources,guest203
FREHEL63M17F139N,Helga,Fredicks,1963-08-17,Buffalo,42754 S Ash Ave,helga_fredicks@yahoo.com,2020-03-08,Marketing,guest204
PINASH59R23T126G,Ashlyn,Pinilla,1959-10-23,Opa Locka,703 Beville Rd,apinilla@cox.net,2020-04-19,Production,guest205
AGRFAU59S67Z978I,Fausto,Agramonte,1959-11-27,New York,5 Harrison Rd,fausto_agramonte@yahoo.com,2020-04-15,Quality Management,guest206
CAIRON55M42Z820T,Ronny,Caiafa,1955-08-02,Philadelphia,73 Southern Blvd,ronny.caiafa@caiafa.org,2020-04-16,Research,guest207
LIMMAR57D64E280S,Marge,Limmel,1957-04-24,Crestview,189 Village Park Rd,marge@gmail.com,2020-01-22,Sales,guest208
WAYNOR56E61L908U,Norah,Waymire,1956-05-21,San Francisco,6 Middlegate Rd #106,norah.waymire@gmail.com,2020-02-17,Customer Service,guest209
BALALI64C4R537F,Aliza,Baltimore,1964-03-04,San Jose,1128 Delaware St,aliza@aol.com,2020-03-18,Development,guest210
PELMOZ64S70F597U,Mozell,Pelkowski,1964-11-30,South San Francisco,577 Parade St,mpelkowski@pelkowski.org,2020-04-12,Finance,guest211
BITVIO55L11G421I,Viola,Bitsuie,1955-07-11,Northridge,70 Mechanic St,viola@gmail.com,2020-04-15,Human Resources,guest212
EMAFRA56R42V140G,Franklyn,Emard,1956-10-02,Philadelphia,4379 Highway 116,femard@emard.com,2020-04-16,Marketing,guest213
KONWIL55H24H831R,Willodean,Konopacki,1955-06-24,Lafayette,55 Hawthorne Blvd,willodean_konopacki@konopacki.org,2020-01-22,Production,guest214
SILBEC64E11A747E,Beckie,Silvestrini,1964-05-11,Dearborn,7116 Western Ave,beckie.silvestrini@silvestrini.com,2020-02-01,Quality Management,guest215
GESREB59A1F320U,Rebecka,Gesick,1959-01-01,Austin,2026 N Plankinton Ave #3,rgesick@gesick.org,2020-03-08,Research,guest216
BLUFRE60S4N708O,Frederica,Blunk,1960-11-04,Dallas,99586 Main St,frederica_blunk@gmail.com,2020-04-19,Sales,guest217
BARGLE53L11L631U,Glen,Bartolet,1953-07-11,Vashon,8739 Hudson St,glen_bartolet@hotmail.com,2020-04-15,Customer Service,guest218
GOCFRE55M70D434H,Freeman,Gochal,1955-08-30,Coatesville,383 Gunderman Rd #197,freeman_gochal@aol.com,2020-04-16,Development,guest219
MEIVIN58E5C706Z,Vincent,Meinerding,1958-05-05,Philadelphia,4441 Point Term Mkt,vincent.meinerding@hotmail.com,2020-01-22,Finance,guest220
BEVRIM55A26Z929Q,Rima,Bevelacqua,1955-01-26,Gardena,2972 Lafayette Ave,rima@cox.net,2020-02-17,Human Resources,guest221
SARGLE63M43I817Q,Glendora,Sarbacher,1963-08-03,Rohnert Park,2140 Diamond Blvd,gsarbacher@gmail.com,2020-03-18,Marketing,guest222
STEAVE61D27L205T,Avery,Steier,1961-04-27,Orlando,93 Redmond Rd #492,avery@cox.net,2020-04-12,Production,guest223
LOTCRI59S23A737D,Cristy,Lother,1959-11-23,Escondido,3989 Portage Tr,cristy@lother.com,2020-04-15,Quality Management,guest224
BRONIC62B43F762G,Nicolette,Brossart,1962-02-03,Westborough,1 Midway Rd,nicolette_brossart@brossart.com,2020-04-16,Research,guest225
MODTRA59P15E444M,Tracey,Modzelewski,1959-09-15,Conroe,77132 Coon Rapids Blvd Nw,tracey@hotmail.com,2020-01-22,Sales,guest226
TEGVIR53L51C876F,Virgina,Tegarden,1953-07-11,Milwaukee,755 Harbor Way,virgina_tegarden@tegarden.com,2020-02-01,Customer Service,guest227
FRATIE55T19U288M,Tiera,Frankel,1955-12-19,El Monte,87 Sierra Rd,tfrankel@aol.com,2020-03-08,Development,guest228
BERALA58B8H142S,Alaine,Bergesen,1958-02-08,Yonkers,7667 S Hulen St #42,alaine_bergesen@cox.net,2020-04-19,Finance,guest229
MAIEAR57H66R301L,Earleen,Mai,1957-06-26,Dallas,75684 S Withlapopka Dr #32,earleen_mai@cox.net,2020-04-15,Human Resources,guest230
GOBLEO62R6A429A,Leonida,Gobern,1962-10-06,Biloxi,5 Elmwood Park Blvd,leonida@gobern.org,2020-04-16,Marketing,guest231
AUFRES54D18L423D,Ressie,Auffrey,1954-04-18,Miami,23 Palo Alto Sq,ressie.auffrey@yahoo.com,2020-01-22,Production,guest232
MUGJUS54C63F223N,Justine,Mugnolo,1954-03-23,New York,38062 E Main St,jmugnolo@yahoo.com,2020-02-17,Quality Management,guest233
SAUELA54M50N163E,Eladia,Saulter,1954-08-10,Ramsey,3958 S Dupont Hwy #7,eladia@saulter.com,2020-03-18,Research,guest234
MALCHA55E57S208E,Chaya,Malvin,1955-05-17,Ann Arbor,560 Civic Center Dr,chaya@malvin.com,2020-04-12,Sales,guest235
SUFGWE60D5I695H,Gwenn,Suffield,1960-04-05,Deer Park,3270 Dequindre Rd,gwenn_suffield@suffield.org,2020-04-15,Administation,guest236
KARSAL57B49N450R,Salena,Karpel,1957-02-09,Canton,1 Garfield Ave #7,skarpel@cox.net,2020-04-16,System Engineer,guest237
FISYOK54M41Q594T,Yoko,Fishburne,1954-08-01,New Haven,9122 Carpenter Ave,yoko@fishburne.com,2020-01-22,Spazi,guest238
MOYTAR60R69H660Q,Taryn,Moyd,1960-10-29,Fairfax,48 Lenox St,taryn.moyd@hotmail.com,2020-02-01,Customer Service,guest239
POLKAT55M65V649D,Katina,Polidori,1955-08-25,Wilmington,5 Little River Tpke,katina_polidori@aol.com,2020-03-08,Development,guest240
PLURIC54L51V428C,Rickie,Plumer,1954-07-11,Toledo,3 N Groesbeck Hwy,rickie.plumer@aol.com,2020-04-19,Finance,guest241
LOAALE60S4O934N,Alex,Loader,1960-11-04,Tacoma,37 N Elm St #916,alex@loader.com,2020-04-15,Human Resources,guest242
VIZLAS53D18Z836M,Lashon,Vizarro,1953-04-18,Roseville,433 Westminster Blvd #590,lashon@aol.com,2020-04-16,Marketing,guest243
BURLAU58S9I831R,Lauran,Burnard,1958-11-09,Riverton,66697 Park Pl #3224,lburnard@burnard.com,2020-01-22,Production,guest244
SETCEO53T24P901L,Ceola,Setter,1953-12-24,Warren,96263 Greenwood Pl,ceola.setter@setter.org,2020-02-17,Quality Management,guest245
RANMY55T19B671C,My,Rantanen,1955-12-19,Richboro,8 Mcarthur Ln,my@hotmail.com,2020-03-18,Research,guest246
WORLOR57L65A823O,Lorrine,Worlds,1957-07-25,Tampa,8 Fair Lawn Ave,lorrine.worlds@worlds.com,2020-04-12,Sales,guest247
STUPEG62B22I439G,Peggie,Sturiale,1962-02-22,El Cajon,9 N 14th St,peggie@cox.net,2020-04-15,Customer Service,guest248
RAYMAR57C41O884F,Marvel,Raymo,1957-03-01,College Station,9 Vanowen St,mraymo@yahoo.com,2020-04-16,Development,guest249
DINDAR57S64E973T,Daron,Dinos,1957-11-24,Highland Park,18 Waterloo Geneva Rd,daron_dinos@cox.net,2020-01-22,Finance,guest250
FRIAN60A12H810C,An,Fritz,1960-01-12,Atlantic City,506 S Hacienda Dr,an_fritz@hotmail.com,2020-02-01,Human Resources,guest251
STIPOR62A19Z791Z,Portia,Stimmel,1962-01-19,Bridgewater,3732 Sherman Ave,portia.stimmel@aol.com,2020-03-08,Marketing,guest252
ARERHE56C25V223N,Rhea,Aredondo,1956-03-25,Brooklyn,25657 Live Oak St,rhea_aredondo@cox.net,2020-04-19,Production,guest253
SAMBEN59D49R174Z,Benedict,Sama,1959-04-09,Saint Louis,4923 Carey Ave,bsama@cox.net,2020-04-15,Quality Management,guest254
ARIALY58T71C997C,Alyce,Arias,1958-12-31,Stockton,3196 S Rider Trl,alyce@arias.org,2020-04-16,Research,guest255
BERHEI60D25A161F,Heike,Berganza,1960-04-25,Little Falls,3 Railway Ave #75,heike@gmail.com,2020-01-22,Sales,guest256
DOPCAR53H16O992V,Carey,Dopico,1953-06-16,Indianapolis,87393 E Highland Rd,carey_dopico@dopico.org,2020-02-17,Customer Service,guest257
HELDOT60C17L339V,Dottie,Hellickson,1960-03-17,Seattle,67 E Chestnut Hill Rd,dottie@hellickson.org,2020-03-18,Development,guest258
HUGDEA59B2B323U,Deandrea,Hughey,1959-02-02,Burlington,33 Lewis Rd #46,deandrea@yahoo.com,2020-04-12,Finance,guest259
DUEKIM62H58I600I,Kimberlie,Duenas,1962-06-18,Hays,8100 Jacksonville Rd #7,kimberlie_duenas@yahoo.com,2020-04-15,Human Resources,guest260
STAMAR58C9D147V,Martina,Staback,1958-03-09,Orlando,7 W Wabansia Ave #227,martina_staback@staback.com,2020-04-16,Marketing,guest261
FILSKY56S61A833U,Skye,Fillingim,1956-11-21,Minneapolis,25 Minters Chapel Rd #9,skye_fillingim@yahoo.com,2020-01-22,Production,guest262
FARJAD56T9U972N,Jade,Farrar,1956-12-09,Columbia,6882 Torresdale Ave,jade.farrar@yahoo.com,2020-02-01,Quality Management,guest263
HAMCHA64A43E760P,Charlene,Hamilton,1964-01-03,Santa Rosa,985 E 6th Ave,charlene.hamilton@hotmail.com,2020-03-08,Research,guest264
ACEGEO56D7A184D,Geoffrey,Acey,1956-04-07,Palatine,7 West Ave #1,geoffrey@gmail.com,2020-04-19,Sales,guest265
WESSTE59R57H812R,Stevie,Westerbeck,1959-10-17,Costa Mesa,26659 N 13th St,stevie.westerbeck@yahoo.com,2020-04-15,Customer Service,guest266
FORPAM65A9N586M,Pamella,Fortino,1965-01-09,Denver,669 Packerland Dr #1438,pamella@fortino.com,2020-04-16,Development,guest267
HAUHAR62H2G435D,Harrison,Haufler,1962-06-02,New Haven,759 Eldora St,hhaufler@hotmail.com,2020-01-22,Finance,guest268
ENGJOH64L28E869C,Johnna,Engelberg,1964-07-28,Bothell,5 S Colorado Blvd #449,jengelberg@engelberg.org,2020-02-17,Human Resources,guest269
CLOBUD64R3B284P,Buddy,Cloney,1964-10-03,Strongsville,944 Gaither Dr,buddy.cloney@yahoo.com,2020-03-18,Marketing,guest270
RIDDAL55M45T320P,Dalene,Riden,1955-08-05,Plaistow,66552 Malone Rd,dalene.riden@aol.com,2020-04-12,Production,guest271
ZURJER59C60I499V,Jerry,Zurcher,1959-03-20,Satellite Beach,77 Massillon Rd #822,jzurcher@zurcher.org,2020-04-15,Quality Management,guest272
DENHAY56E30E925U,Haydee,Denooyer,1956-05-30,New York,25346 New Rd,hdenooyer@denooyer.org,2020-04-16,Research,guest273
CRYJOS62D23H845M,Joseph,Cryer,1962-04-23,Huntington Beach,60 Fillmore Ave,joseph_cryer@cox.net,2020-01-22,Sales,guest274
KIPDEO53H12V226R,Deonna,Kippley,1953-06-12,Southfield,57 Haven Ave #90,deonna_kippley@hotmail.com,2020-02-01,Administation,guest275
CALRAY54C63P642H,Raymon,Calvaresi,1954-03-23,Indianapolis,6538 E Pomona St #60,raymon.calvaresi@gmail.com,2020-03-08,System Engineer,guest276
BUBALE59T66N436M,Alecia,Bubash,1959-12-26,Wichita Falls,6535 Joyce St,alecia@aol.com,2020-04-19,Spazi,guest277
LAYMA61C3S106N,Ma,Layous,1961-03-03,North Haven,78112 Morris Ave,mlayous@hotmail.com,2020-04-15,Customer Service,guest278
COYDET60C26Q764F,Detra,Coyier,1960-03-26,Aberdeen,96950 Hidden Ln,detra@aol.com,2020-04-16,Development,guest279
RODTER53M26A405H,Terrilyn,Rodeigues,1953-08-26,New Orleans,3718 S Main St,terrilyn.rodeigues@cox.net,2020-01-22,Finance,guest280
LACSAL63B60R970D,Salome,Lacovara,1963-02-20,Richmond,9677 Commerce Dr,slacovara@gmail.com,2020-02-17,Human Resources,guest281
KEEGAR58M21U634Z,Garry,Keetch,1958-08-21,Southampton,5 Green Pond Rd #4,garry_keetch@hotmail.com,2020-03-18,Marketing,guest282
NEIMAT56P25H511C,Matthew,Neither,1956-09-25,Shakopee,636 Commerce Dr #42,mneither@yahoo.com,2020-04-12,Production,guest283
RESTHE62R11C676Z,Theodora,Restrepo,1962-10-11,Miami,42744 Hamann Industrial Pky #82,theodora.restrepo@restrepo.com,2020-04-15,Quality Management,guest284
KALNOA64T25Q174U,Noah,Kalafatis,1964-12-25,Milwaukee,1950 5th Ave,noah.kalafatis@aol.com,2020-04-16,Research,guest285
SWECAR56L44V915D,Carmen,Sweigard,1956-07-04,Somerset,61304 N French Rd,csweigard@sweigard.com,2020-01-22,Sales,guest286
HENLAV52H58O327N,Lavonda,Hengel,1952-06-18,Fargo,87 Imperial Ct #79,lavonda@cox.net,2020-02-01,Customer Service,guest287
STOJUN56A63M355L,Junita,Stoltzman,1956-01-23,Carson City,94 W Dodge Rd,junita@aol.com,2020-03-08,Development,guest288
NICHER59A14D900M,Herminia,Nicolozakes,1959-01-14,Scottsdale,4 58th St #3519,herminia@nicolozakes.org,2020-04-19,Finance,guest289
GOOCAS63E25H413A,Casie,Good,1963-05-25,Nashville,5221 Bear Valley Rd,casie.good@aol.com,2020-04-15,Human Resources,guest290
MAIREE61L25R780G,Reena,Maisto,1961-07-25,Salisbury,9648 S Main,reena@hotmail.com,2020-04-16,Marketing,guest291
MALMIR64B28T591E,Mirta,Mallett,1964-02-28,New York,7 S San Marcos Rd,mirta_mallett@gmail.com,2020-01-22,Production,guest292
PONCAT58P13T926E,Cathrine,Pontoriero,1958-09-13,Amarillo,812 S Haven St,cathrine.pontoriero@pontoriero.com,2020-02-17,Quality Management,guest293
TAWFIL62P46G967N,Filiberto,Tawil,1962-09-06,Los Angeles,3882 W Congress St #799,ftawil@hotmail.com,2020-03-18,Research,guest294
UPTRAU57S58O897D,Raul,Upthegrove,1957-11-18,La Mesa,4 E Colonial Dr,rupthegrove@yahoo.com,2020-04-12,Sales,guest295
CANSAR60M11M401L,Sarah,Candlish,1960-08-11,Atlanta,45 2nd Ave #9759,sarah.candlish@gmail.com,2020-04-15,Customer Service,guest296
TRELUC53T14H159B,Lucy,Treston,1953-12-14,Worcester,57254 Brickell Ave #372,lucy@cox.net,2020-04-16,Development,guest297
AQUJUD55T16E353T,Judy,Aquas,1955-12-16,Niles,8977 Connecticut Ave Nw #3,jaquas@aquas.com,2020-01-22,Finance,guest298
TJEYVO62M70B367I,Yvonne,Tjepkema,1962-08-30,Fairfield,9 Waydell St,yvonne.tjepkema@hotmail.com,2020-02-01,Human Resources,guest299
LACKAY52C63I885I,Kayleigh,Lace,1952-03-23,Lafayette,43 Huey P Long Ave,kayleigh.lace@yahoo.com,2020-03-08,Marketing,guest300
HIRFEL58D49T948M,Felix,Hirpara,1958-04-09,Denver,7563 Cornwall Rd #4462,felix_hirpara@cox.net,2020-04-19,Production,guest301
SWETRE59P53L733Q,Tresa,Sweely,1959-09-13,Valley Park,22 Bridle Ln,tresa_sweely@hotmail.com,2020-04-15,Quality Management,guest302
TURKRI64B2M318L,Kristeen,Turinetti,1964-02-02,Arlington,70099 E North Ave,kristeen@gmail.com,2020-04-16,Research,guest303
REGJEN62S70N225M,Jenelle,Regusters,1962-11-30,Tampa,3211 E Northeast Loop,jregusters@regusters.com,2020-01-22,Sales,guest304
MONREN61P30M508L,Renea,Monterrubio,1961-09-30,Atlanta,26 Montgomery St,renea@hotmail.com,2020-02-17,Customer Service,guest305
MATOLI52S25T411R,Olive,Matuszak,1952-11-25,Cathedral City,13252 Lighthouse Ave,olive@aol.com,2020-03-18,Development,guest306
REILIG58H13G999H,Ligia,Reiber,1958-06-13,Lansing,206 Main St #2804,lreiber@cox.net,2020-04-12,Finance,guest307
ESCCHR60D8V784A,Christiane,Eschberger,1960-04-08,Phoenix,96541 W Central Blvd,christiane.eschberger@yahoo.com,2020-04-15,Human Resources,guest308
SCHGOL63H17G968M,Goldie,Schirpke,1963-06-17,Bangor,34 Saint George Ave #2,goldie.schirpke@yahoo.com,2020-04-16,Marketing,guest309
TIMLOR59R51Z526C,Loreta,Timenez,1959-10-11,Clinton,47857 Coney Island Ave,loreta.timenez@hotmail.com,2020-01-22,Production,guest310
HAUFAB57H44N439E,Fabiola,Hauenstein,1957-06-04,York,8573 Lincoln Blvd,fabiola.hauenstein@hauenstein.org,2020-02-01,Quality Management,guest311
PERAMI59L2N280E,Amie,Perigo,1959-07-02,Mesquite,596 Santa Maria Ave #7913,amie.perigo@yahoo.com,2020-03-08,Research,guest312
BRARAI61A46V488H,Raina,Brachle,1961-01-06,Butte,3829 Ventura Blvd,raina.brachle@brachle.org,2020-04-19,Sales,guest313
CANERI62T65R464Z,Erinn,Canlas,1962-12-25,Livingston,13 S Hacienda Dr,erinn.canlas@canlas.com,2020-04-15,Administation,guest314
LIECHE63H20R966O,Cherry,Lietz,1963-06-20,Waterford,40 9th Ave Sw #91,cherry@lietz.com,2020-04-16,System Engineer,guest315
VONKAT52D12S481I,Kattie,Vonasek,1952-04-12,Cleveland,2845 Boulder Crescent St,kattie@vonasek.org,2020-01-22,Spazi,guest316
SCRLIL59D14U722F,Lilli,Scriven,1959-04-14,Abilene,33 State St,lilli@aol.com,2020-02-17,Customer Service,guest317
TOMWHI60P28C162C,Whitley,Tomasulo,1960-09-28,Fort Worth,2 S 15th St,whitley.tomasulo@aol.com,2020-03-18,Development,guest318
ADKBAR59S21H617E,Barbra,Adkin,1959-11-21,Brooklyn,4 Kohler Memorial Dr,badkin@hotmail.com,2020-04-12,Finance,guest319
THYHER63R48T453D,Hermila,Thyberg,1963-10-08,Providence,1 Rancho Del Mar Shopping C,hermila_thyberg@hotmail.com,2020-04-15,Human Resources,guest320
FLIJES56A27U335V,Jesusita,Flister,1956-01-27,Lancaster,3943 N Highland Ave,jesusita.flister@hotmail.com,2020-04-16,Marketing,guest321
JULCAI55T59E228H,Caitlin,Julia,1955-12-19,Johnston,5 Williams St,caitlin.julia@julia.org,2020-01-22,Production,guest322
HOFROO59P26O223D,Roosevelt,Hoffis,1959-09-26,Hialeah,60 Old Dover Rd,roosevelt.hoffis@aol.com,2020-02-01,Quality Management,guest323
HALHEL56H57M892B,Helaine,Halter,1956-06-17,Jersey City,8 Sheridan Rd,hhalter@yahoo.com,2020-03-08,Research,guest324
MARLOR64L12T551R,Lorean,Martabano,1964-07-12,San Antonio,85092 Southern Blvd,lorean.martabano@hotmail.com,2020-04-19,Sales,guest325
BUZFRA60R43R930L,France,Buzick,1960-10-03,Brooklyn,64 Newman Springs Rd E,france.buzick@yahoo.com,2020-04-15,Customer Service,guest326
FERJUS64A14A787Q,Justine,Ferrario,1964-01-14,Pomona,48 Stratford Ave,jferrario@hotmail.com,2020-04-16,Development,guest327
NABADE57R46Z339O,Adelina,Nabours,1957-10-06,Cleveland,80 Pittsford Victor Rd #9,adelina_nabours@gmail.com,2020-01-22,Finance,guest328
DHADER58R22N133V,Derick,Dhamer,1958-10-22,New York,87163 N Main Ave,ddhamer@cox.net,2020-02-17,Human Resources,guest329
DALJER54A11H740D,Jerry,Dallen,1954-01-11,Richmond,393 Lafayette Ave,jerry.dallen@yahoo.com,2020-03-18,Marketing,guest330
RAGLEO59H56C760P,Leota,Ragel,1959-06-16,Trion,99 5th Ave #33,leota.ragel@gmail.com,2020-04-12,Production,guest331
AMYJUT58S17M493C,Jutta,Amyot,1958-11-17,Broussard,49 N Mays St,jamyot@hotmail.com,2020-04-15,Quality Management,guest332
GEHAJA61E24R747H,Aja,Gehrett,1961-05-24,Nutley,993 Washington Ave,aja_gehrett@hotmail.com,2020-04-16,Research,guest333
HERKIR62L62V181S,Kirk,Herritt,1962-07-22,Vestal,88 15th Ave Ne,kirk.herritt@aol.com,2020-01-22,Sales,guest334
MAULEO52S17P602B,Leonora,Mauson,1952-11-17,Passaic,3381 E 40th Ave,leonora@yahoo.com,2020-02-01,Customer Service,guest335
BRUWIN62D22M957M,Winfred,Brucato,1962-04-22,Moscow,201 Ridgewood Rd,winfred_brucato@hotmail.com,2020-03-08,Development,guest336
NACTAR62D46B781U,Tarra,Nachor,1962-04-06,San Francisco,39 Moccasin Dr,tarra.nachor@cox.net,2020-04-19,Finance,guest337
LODCOR54L46N194L,Corinne,Loder,1954-07-06,North Attleboro,4 Carroll St,corinne@loder.org,2020-04-15,Human Resources,guest338
LABDUL64P12P515N,Dulce,Labreche,1964-09-12,Rochester,9581 E Arapahoe Rd,dulce_labreche@yahoo.com,2020-04-16,Marketing,guest339
KENKAT62L9O153O,Kate,Keneipp,1962-07-09,Green Bay,33 N Michigan Ave,kate_keneipp@yahoo.com,2020-01-22,Production,guest340
OGGKAI60R10R393V,Kaitlyn,Ogg,1960-10-10,Baltimore,2 S Biscayne Blvd,kaitlyn.ogg@gmail.com,2020-02-17,Quality Management,guest341
SARSHE63R8R836I,Sherita,Saras,1963-10-08,Colorado Springs,8 Us Highway 22,sherita.saras@cox.net,2020-03-18,Research,guest342
STULAS61B51P539I,Lashawnda,Stuer,1961-02-11,Toledo,7422 Martin Ave #8,lstuer@cox.net,2020-04-12,Sales,guest343
SYRERN56D59F698N,Ernest,Syrop,1956-04-19,Hyattsville,94 Chase Rd,ernest@cox.net,2020-04-15,Customer Service,guest344
HALNOB54A2H907V,Nobuko,Halsey,1954-01-02,New Bedford,8139 I Hwy 10 #92,nobuko.halsey@yahoo.com,2020-04-16,Development,guest345
WOLLAV55C53V781P,Lavonna,Wolny,1955-03-13,Mc Lean,5 Cabot Rd,lavonna.wolny@hotmail.com,2020-01-22,Finance,guest346
LIZLAS63T26G451V,Lashaunda,Lizama,1963-12-26,Hanover,3387 Ryan Dr,llizama@cox.net,2020-02-01,Human Resources,guest347
BILMAR57B17I243B,Mariann,Bilden,1957-02-17,Austin,3125 Packer Ave #9851,mariann.bilden@aol.com,2020-03-08,Marketing,guest348
RODHEL53R23V624C,Helene,Rodenberger,1953-10-23,Peoria,347 Chestnut St,helene@aol.com,2020-04-19,Production,guest349
ESTROS58T69Z227U,Roselle,Estell,1958-12-29,Bucyrus,8116 Mount Vernon Ave,roselle.estell@hotmail.com,2020-04-15,Quality Management,guest350
HEISAM55B42F834R,Samira,Heintzman,1955-02-02,Kent,8772 Old County Rd #5410,sheintzman@hotmail.com,2020-04-16,Research,guest351
MEIMAR64D52L921E,Margart,Meisel,1964-04-12,Cincinnati,868 State St #38,margart_meisel@yahoo.com,2020-01-22,Sales,guest352
BENKRI55M61M871D,Kristofer,Bennick,1955-08-21,Bloomington,772 W River Dr,kristofer.bennick@yahoo.com,2020-02-17,Administation,guest353
ACUWEL53H14P416O,Weldon,Acuff,1953-06-14,Arlington Heights,73 W Barstow Ave,wacuff@gmail.com,2020-03-18,System Engineer,guest354
SHASHA52T2A879R,Shalon,Shadrick,1952-12-02,Brooklyn,61047 Mayfield Ave,shalon@cox.net,2020-04-12,Spazi,guest355
PATDEN64L18R487N,Denise,Patak,1964-07-18,Orlando,2139 Santa Rosa Ave,denise@patak.org,2020-04-15,Customer Service,guest356
BEELOU58P30T509E,Louvenia,Beech,1958-09-30,Beverly Hills,598 43rd St,louvenia.beech@beech.com,2020-04-16,Development,guest357
YAWAUD56P8U554P,Audry,Yaw,1956-09-08,Brandon,70295 Pioneer Ct,audry.yaw@yaw.org,2020-01-22,Finance,guest358
EHMKRI62H10B312C,Kristel,Ehmann,1962-06-10,El Paso,92899 Kalakaua Ave,kristel.ehmann@aol.com,2020-02-01,Human Resources,guest359
ZEPVIN58H24D122F,Vincenza,Zepp,1958-06-24,El Cajon,395 S 6th St #2,vzepp@gmail.com,2020-03-08,Marketing,guest360
GWAELO61A51M990Z,Elouise,Gwalthney,1961-01-11,Bladensburg,9506 Edgemore Ave,egwalthney@yahoo.com,2020-04-19,Production,guest361
MAIVEN62S26O745A,Venita,Maillard,1962-11-26,Anaheim,72119 S Walker Ave #63,venita_maillard@gmail.com,2020-04-15,Quality Management,guest362
SEMKAS56D52B639P,Kasandra,Semidey,1956-04-12,Saint Louis,369 Latham St #500,kasandra_semidey@semidey.com,2020-04-16,Research,guest363
DISXOC63E27C960U,Xochitl,Discipio,1963-05-27,Round Rock,3158 Runamuck Pl,xdiscipio@gmail.com,2020-01-22,Sales,guest364
LINMAI59D50G408C,Maile,Linahan,1959-04-10,Greensboro,9 Plainsboro Rd #598,mlinahan@yahoo.com,2020-02-17,Customer Service,guest365
RAUKRI65A19M710L,Krissy,Rauser,1965-01-19,Coram,8728 S Broad St,krauser@cox.net,2020-03-18,Development,guest366
DUBPET62D55A272Q,Pete,Dubaldi,1962-04-15,Lyndhurst,2215 Prosperity Dr,pdubaldi@hotmail.com,2020-04-12,Finance,guest367
PAALIN53A12L866O,Linn,Paa,1953-01-12,Memphis,1 S Pine St,linn_paa@paa.com,2020-04-15,Human Resources,guest368
WIDPAR61B24A642T,Paris,Wide,1961-02-24,Atlanta,187 Market St,paris@hotmail.com,2020-04-16,Marketing,guest369
DORWYN64H10U638M,Wynell,Dorshorst,1964-06-10,Pacifica,94290 S Buchanan St,wynell_dorshorst@dorshorst.org,2020-01-22,Production,guest370
BIRQUE54B28B996B,Quentin,Birkner,1954-02-28,Burnsville,7061 N 2nd St,qbirkner@aol.com,2020-02-01,Quality Management,guest371
KANREG55H24M915O,Regenia,Kannady,1955-06-24,Scottsdale,10759 Main St,regenia.kannady@cox.net,2020-03-08,Research,guest372
LOUSHE62S2L463E,Sheron,Louissant,1962-11-02,Long Island City,97 E 3rd St #9,sheron@aol.com,2020-04-19,Sales,guest373
FUNIZE56H58N304S,Izetta,Funnell,1956-06-18,Atlanta,82 Winsor St #54,izetta.funnell@hotmail.com,2020-04-15,Customer Service,guest374
BUTROD60E10G538O,Rodolfo,Butzen,1960-05-10,Northfield,41 Steel Ct,rodolfo@hotmail.com,2020-04-16,Development,guest375
COLZON56A61R756T,Zona,Colla,1956-01-21,Norwalk,49440 Dearborn St,zona@hotmail.com,2020-01-22,Finance,guest376
ZAGSER60L51N992U,Serina,Zagen,1960-07-11,Fort Wayne,7 S Beverly Dr,szagen@aol.com,2020-02-17,Human Resources,guest377
SAHPAZ58R3C772Z,Paz,Sahagun,1958-10-03,Meridian,919 Wall Blvd,paz_sahagun@cox.net,2020-03-18,Marketing,guest378
LUKMAR56C12O751A,Markus,Lukasik,1956-03-12,Sterling Heights,89 20th St E #779,markus@yahoo.com,2020-04-12,Production,guest379
BACJAC58A27I816B,Jaclyn,Bachman,1958-01-27,Colorado Springs,721 Interstate 45 S,jaclyn@aol.com,2020-04-15,Quality Management,guest380
DAUCYR55M11L140T,Cyril,Daufeldt,1955-08-11,New York,3 Lawton St,cyril_daufeldt@daufeldt.com,2020-04-16,Research,guest381
SCHGAY53C53U504M,Gayla,Schnitzler,1953-03-13,Hayward,38 Pleasant Hill Rd,gschnitzler@gmail.com,2020-01-22,Sales,guest382
NIEERI61L9N635Z,Erick,Nievas,1961-07-09,Chicago,45 E Acacia Ct,erick_nievas@aol.com,2020-02-01,Customer Service,guest383
DRYJEN55P12A507R,Jennie,Drymon,1955-09-12,Scranton,63728 Poway Rd #1,jennie@cox.net,2020-03-08,Development,guest384
SCIMIT58P19V768O,Mitsue,Scipione,1958-09-19,Oroville,77 222 Dr,mscipione@scipione.com,2020-04-19,Finance,guest385
VENCIA52P18Q611L,Ciara,Ventura,1952-09-18,Port Jervis,53 W Carey St,cventura@yahoo.com,2020-04-15,Human Resources,guest386
CANGAL63S13Q329G,Galen,Cantres,1963-11-13,Brook Park,617 Nw 36th Ave,galen@yahoo.com,2020-04-16,Marketing,guest387
FEITRU57A67C928N,Truman,Feichtner,1957-01-27,Bloomfield,539 Coldwater Canyon Ave,tfeichtner@yahoo.com,2020-01-22,Production,guest388
KITGAI63B49M330U,Gail,Kitty,1963-02-09,Anchorage,735 Crawford Dr,gail@kitty.com,2020-02-17,Quality Management,guest389
SCHDAL64E19O113E,Dalene,Schoeneck,1964-05-19,Philadelphia,910 Rahway Ave,dalene@schoeneck.org,2020-03-18,Research,guest390
WITGER58L10U799O,Gertude,Witten,1958-07-10,Cincinnati,7 Tarrytown Rd,gertude.witten@gmail.com,2020-04-12,Sales,guest391
KOHLIZ63H28U148M,Lizbeth,Kohl,1963-06-28,Gardena,35433 Blake St #588,lizbeth@yahoo.com,2020-04-15,Administation,guest392
BERGLE64E19T608R,Glenn,Berray,1964-05-19,Des Moines,29 Cherry St #7073,gberray@gmail.com,2020-04-16,System Engineer,guest393
KLALAS62D1C583P,Lashandra,Klang,1962-04-01,King of Prussia,810 N La Brea Ave,lashandra@yahoo.com,2020-01-22,Spazi,guest394
NEWLEN54E27T637Z,Lenna,Newville,1954-05-27,Raleigh,987 Main St,lnewville@newville.com,2020-02-01,Customer Service,guest395
PAGLAU62P4M575N,Laurel,Pagliuca,1962-09-04,Richland,36 Enterprise St Se,laurel@yahoo.com,2020-03-08,Development,guest396
FREMIR60M27S375S,Mireya,Frerking,1960-08-27,Pelham,8429 Miller Rd,mireya.frerking@hotmail.com,2020-04-19,Finance,guest397
TAGANN62H26Q354H,Annelle,Tagala,1962-06-26,Parkville,5 W 7th St,annelle@yahoo.com,2020-04-15,Human Resources,guest398
KETDEA54T14G328N,Dean,Ketelsen,1954-12-14,Hicksville,2 Flynn Rd,dean_ketelsen@gmail.com,2020-04-16,Marketing,guest399
MUNLEV59H70S217H,Levi,Munis,1959-06-30,Worcester,2094 Ne 36th Ave,levi.munis@gmail.com,2020-01-22,Production,guest400
RYSSYL56R44N266D,Sylvie,Ryser,1956-10-04,Tulsa,649 Tulane Ave,sylvie@aol.com,2020-02-17,Quality Management,guest401
MAISHA61L18T778T,Sharee,Maile,1961-07-18,Muskegon,2094 Montour Blvd,sharee_maile@aol.com,2020-03-18,Research,guest402
STOCOR57S21T940T,Cordelia,Storment,1957-11-21,Lafayette,393 Hammond Dr,cordelia_storment@aol.com,2020-04-12,Sales,guest403
MCDMOL61T15F568U,Mollie,Mcdoniel,1961-12-15,Bowling Green,8590 Lake Lizzie Dr,mollie_mcdoniel@yahoo.com,2020-04-15,Customer Service,guest404
MCCBRE53C45M550N,Brett,Mccullan,1953-03-05,La Mesa,87895 Concord Rd,brett.mccullan@mccullan.com,2020-04-16,Development,guest405
PEDTED60R67H663L,Teddy,Pedrozo,1960-10-27,Bridgeport,46314 Route 130,teddy_pedrozo@aol.com,2020-01-22,Finance,guest406
ANDTAS52P55O571U,Tasia,Andreason,1952-09-15,Kearny,4 Cowesett Ave,tasia_andreason@yahoo.com,2020-02-01,Human Resources,guest407
WALHUB64B60D623S,Hubert,Walthall,1964-02-20,Barberton,95 Main Ave #2,hubert@walthall.org,2020-03-08,Marketing,guest408
FARART59P12P962L,Arthur,Farrow,1959-09-12,Englewood,28 S 7th St #2824,arthur.farrow@yahoo.com,2020-04-19,Production,guest409
BERVIL58R17B469Z,Vilma,Berlanga,1958-10-17,Grand Rapids,79 S Howell Ave,vberlanga@berlanga.com,2020-04-15,Quality Management,guest410
MIRBIL64H23V796U,Billye,Miro,1964-06-23,Pearl,36 Lancaster Dr Se,billye_miro@cox.net,2020-04-16,Research,guest411
SLAGLE55P51F716A,Glenna,Slayton,1955-09-11,Memphis,2759 Livingston Ave,glenna_slayton@cox.net,2020-01-22,Sales,guest412
HUDMIT62A46P184F,Mitzie,Hudnall,1962-01-06,Englewood,17 Jersey Ave,mitzie_hudnall@yahoo.com,2020-02-17,Customer Service,guest413
RODBER57R63P632G,Bernardine,Rodefer,1957-10-23,Memphis,2 W Grand Ave,bernardine_rodefer@yahoo.com,2020-03-18,Development,guest414
SCHSTA54H69Q315D,Staci,Schmaltz,1954-06-29,Pasadena,18 Coronado Ave #563,staci_schmaltz@aol.com,2020-04-12,Finance,guest415
METNIC57P14T552E,Nichelle,Meteer,1957-09-14,Chicago,72 Beechwood Ter,nichelle_meteer@meteer.com,2020-04-15,Human Resources,guest416
RHOJAN54L4M997A,Janine,Rhoden,1954-07-04,Astoria,92 Broadway,jrhoden@yahoo.com,2020-04-16,Marketing,guest417
HOOETT52P17B665I,Ettie,Hoopengardner,1952-09-17,Richland,39 Franklin Ave,ettie.hoopengardner@hotmail.com,2020-01-22,Production,guest418
JAYEDE60S12B368M,Eden,Jayson,1960-11-12,Baltimore,4 Iwaena St,eden_jayson@yahoo.com,2020-02-01,Quality Management,guest419
AUBLYN58B64V603C,Lynelle,Auber,1958-02-24,Newark,32820 Corkwood Rd,lynelle_auber@gmail.com,2020-03-08,Research,guest420
TOMMER58R42F996V,Merissa,Tomblin,1958-10-02,Bellflower,34 Raritan Center Pky,merissa.tomblin@gmail.com,2020-04-19,Sales,guest421
KANGOL58T20Q740L,Golda,Kaniecki,1958-12-20,Toms River,6201 S Nevada Ave,golda_kaniecki@yahoo.com,2020-04-15,Customer Service,guest422
GLECAT57B19T115V,Catarina,Gleich,1957-02-19,Denville,78 Maryland Dr #146,catarina_gleich@hotmail.com,2020-04-16,Development,guest423
KIEVIR56S52I365P,Virgie,Kiel,1956-11-12,Denver,76598 Rd  I 95 #1,vkiel@hotmail.com,2020-01-22,Finance,guest424
OSTJOL59D54D108O,Jolene,Ostolaza,1959-04-14,Newport News,1610 14th St Nw,jolene@yahoo.com,2020-02-17,Human Resources,guest425
BORKEN56M2T485R,Keneth,Borgman,1956-08-02,Phoenix,86350 Roszel Rd,keneth@yahoo.com,2020-03-18,Marketing,guest426
NAYRIK56H13I606D,Rikki,Nayar,1956-06-13,Miami,1644 Clove Rd,rikki@nayar.com,2020-04-12,Production,guest427
SENELK58P60A965A,Elke,Sengbusch,1958-09-20,Phoenix,9 W Central Ave,elke_sengbusch@yahoo.com,2020-04-15,Quality Management,guest428
SARHOA58C67S426O,Hoa,Sarao,1958-03-27,Oak Hill,27846 Lafayette Ave,hoa@sarao.org,2020-04-16,Research,guest429
MCRTRI52T6C866G,Trinidad,Mcrae,1952-12-06,San Francisco,10276 Brooks St,trinidad_mcrae@yahoo.com,2020-01-22,Sales,guest430
LUEMAR53P65C920Z,Mari,Lueckenbach,1953-09-25,San Diego,1 Century Park E,mari_lueckenbach@yahoo.com,2020-02-01,Administation,guest431
HUSSEL62R12L762Z,Selma,Husser,1962-10-12,Jersey City,9 State Highway 57 #22,selma.husser@cox.net,2020-03-08,System Engineer,guest432
ONOANT55L11R810V,Antione,Onofrio,1955-07-11,San Bernardino,4 S Washington Ave,aonofrio@onofrio.com,2020-04-19,Spazi,guest433
JURLUI54M57S491C,Luisa,Jurney,1954-08-17,Cambridge,25 Se 176th Pl,ljurney@hotmail.com,2020-04-15,Customer Service,guest434
HEICLO53R11C453G,Clorinda,Heimann,1953-10-11,Escondido,105 Richmond Valley Rd,clorinda.heimann@hotmail.com,2020-04-16,Development,guest435
WENDIC64M69U226H,Dick,Wenzinger,1964-08-29,Gardena,22 Spruce St #595,dick@yahoo.com,2020-01-22,Finance,guest436
ANGAHM53D12N497O,Ahmed,Angalich,1953-04-12,Harrisburg,2 W Beverly Blvd,ahmed.angalich@angalich.com,2020-02-17,Human Resources,guest437
OHMILU54T16U750U,Iluminada,Ohms,1954-12-16,Mesa,72 Southern Blvd,iluminada.ohms@yahoo.com,2020-03-18,Marketing,guest438
LEIJOA52S63T460N,Joanna,Leinenbach,1952-11-23,Lake Worth,1 Washington St,joanna_leinenbach@hotmail.com,2020-04-12,Production,guest439
SUECAP53L55G851R,Caprice,Suell,1953-07-15,Nashville,90177 N 55th Ave,caprice@aol.com,2020-04-15,Quality Management,guest440
MYRSTE57B6E594U,Stephane,Myricks,1957-02-06,Burlington,9 Tower Ave,stephane_myricks@cox.net,2020-04-16,Research,guest441
SWAQUE57R59I757D,Quentin,Swayze,1957-10-19,Milan,278 Bayview Ave,quentin_swayze@yahoo.com,2020-01-22,Sales,guest442
CASANN64D2E574M,Annmarie,Castros,1964-04-02,Conroe,80312 W 32nd St,annmarie_castros@gmail.com,2020-02-01,Customer Service,guest443
GRESHO61D26P924M,Shonda,Greenbush,1961-04-26,Clifton,82 Us Highway 46,shonda_greenbush@cox.net,2020-03-08,Development,guest444
LAPCEC61R54B592Z,Cecil,Lapage,1961-10-14,Union City,4 Stovall St #72,clapage@lapage.com,2020-04-19,Finance,guest445
CLAJEA61M29Z714E,Jeanice,Claucherty,1961-08-29,Miami,19 Amboy Ave,jeanice.claucherty@yahoo.com,2020-04-15,Human Resources,guest446
VILJOS61P45Q658H,Josphine,Villanueva,1961-09-05,Moss,63 Smith Ln #8343,josphine_villanueva@villanueva.com,2020-04-16,Marketing,guest447
PERDAN54B43C316Z,Daniel,Perruzza,1954-02-03,Santa Ana,11360 S Halsted St,dperruzza@perruzza.com,2020-01-22,Production,guest448
WILCAS60T64P996C,Cassi,Wildfong,1960-12-24,Rolling Meadows,26849 Jefferson Hwy,cassi.wildfong@aol.com,2020-02-17,Quality Management,guest449
GALBRI52H67C969R,Britt,Galam,1952-06-27,Hatfield,2500 Pringle Rd Se #508,britt@galam.org,2020-03-18,Research,guest450
LIPADE52C4B988Z,Adell,Lipkin,1952-03-04,Whippany,65 Mountain View Dr,adell.lipkin@lipkin.com,2020-04-12,Sales,guest451
ROWJAC54L16H558P,Jacqueline,Rowling,1954-07-16,Erie,1 N San Saba,jacqueline.rowling@yahoo.com,2020-04-15,Customer Service,guest452
WEGLON53C45B829I,Lonny,Weglarz,1953-03-05,Salt Lake City,51120 State Route 18,lonny_weglarz@gmail.com,2020-04-16,Development,guest453
DIELON63A1I485V,Lonna,Diestel,1963-01-01,Fayetteville,1482 College Ave,lonna_diestel@gmail.com,2020-01-22,Finance,guest454
SAMCRI59S55I566D,Cristal,Samara,1959-11-15,Los Angeles,4119 Metropolitan Dr,cristal@cox.net,2020-02-01,Human Resources,guest455
GREKEN59S24A967D,Kenneth,Grenet,1959-11-24,East Lansing,2167 Sierra Rd,kenneth.grenet@grenet.org,2020-03-08,Marketing,guest456
MCLELL64C62M198I,Elli,Mclaird,1964-03-22,Utica,6 Sunrise Ave,emclaird@mclaird.com,2020-04-19,Production,guest457
JEAALL54M51A667D,Alline,Jeanty,1954-08-11,South Bend,55713 Lake City Hwy,ajeanty@gmail.com,2020-04-15,Quality Management,guest458
EANSHA57M7T222M,Sharika,Eanes,1957-08-07,Orlando,75698 N Fiesta Blvd,sharika.eanes@aol.com,2020-04-16,Research,guest459
MCNNU64C53P899A,Nu,Mcnease,1964-03-13,Harrison,88 Sw 28th Ter,nu@gmail.com,2020-01-22,Sales,guest460
COMDAN57H11N632I,Daniela,Comnick,1957-06-11,Trenton,7 Flowers Rd #403,dcomnick@cox.net,2020-02-17,Customer Service,guest461
COLCEC52R1G265S,Cecilia,Colaizzo,1952-10-01,Madison,4 Nw 12th St #3849,cecilia_colaizzo@colaizzo.com,2020-03-18,Development,guest462
THRLES61R16G471S,Leslie,Threets,1961-10-16,Katonah,2 A Kelley Dr,leslie@cox.net,2020-04-12,Finance,guest463
KOPNAN61S5T422V,Nan,Koppinger,1961-11-05,Greensboro,88827 Frankford Ave,nan@koppinger.com,2020-04-15,Human Resources,guest464
DEWIZE62B27T461B,Izetta,Dewar,1962-02-27,Baltimore,2 W Scyene Rd #3,idewar@dewar.com,2020-04-16,Marketing,guest465
ARCTEG56A59B880R,Tegan,Arceo,1956-01-19,Monroe Township,62260 Park Stre,tegan.arceo@arceo.org,2020-01-22,Production,guest466
KEERUT62M5N303S,Ruthann,Keener,1962-08-05,Kerrville,3424 29th St Se,ruthann@hotmail.com,2020-02-01,Quality Management,guest467
BREJON58A7H178E,Joni,Breland,1958-01-07,Elk Grove Village,35 E Main St #43,joni_breland@cox.net,2020-03-08,Research,guest468
RENVI61C56A729H,Vi,Rentfro,1961-03-16,Freehold,7163 W Clark Rd,vrentfro@cox.net,2020-04-19,Sales,guest469
KARCOL59T13U897Z,Colette,Kardas,1959-12-13,Omaha,21575 S Apple Creek Rd,colette.kardas@yahoo.com,2020-04-15,Administation,guest470
TROMAL52R1V390Z,Malcolm,Tromblay,1952-10-01,Annandale,747 Leonis Blvd,malcolm_tromblay@cox.net,2020-04-16,System Engineer,guest471
HARRYA59E11H710E,Ryan,Harnos,1959-05-11,Plano,13 Gunnison St,ryan@cox.net,2020-01-22,Spazi,guest472
CHAJES62R9M946T,Jess,Chaffins,1962-10-09,New York,18 3rd Ave,jess.chaffins@chaffins.org,2020-02-17,Customer Service,guest473
BOUSHA56L23D384C,Sharen,Bourbon,1956-07-23,Syosset,62 W Austin St,sbourbon@yahoo.com,2020-03-18,Development,guest474
JUVNIC52R24H945V,Nickolas,Juvera,1952-10-24,Crystal River,177 S Rider Trl #52,nickolas_juvera@cox.net,2020-04-12,Finance,guest475
NUNGAR52B61S524B,Gary,Nunlee,1952-02-21,Fortville,2 W Mount Royal Ave,gary_nunlee@nunlee.org,2020-04-15,Human Resources,guest476
DEVDIA52L9M212H,Diane,Devreese,1952-07-09,Saint Joseph,1953 Telegraph Rd,diane@cox.net,2020-04-16,Marketing,guest477
CHAROS58A18D383N,Roslyn,Chavous,1958-01-18,Jackson,63517 Dupont St,roslyn.chavous@chavous.org,2020-01-22,Production,guest478
SCHGLO58R67O678G,Glory,Schieler,1958-10-27,Abilene,5 E Truman Rd,glory@yahoo.com,2020-02-01,Quality Management,guest479
SAYRAS55M5O918A,Rasheeda,Sayaphon,1955-08-05,Saratoga,251 Park Ave #979,rasheeda@aol.com,2020-03-08,Research,guest480
PALALP64P51I862N,Alpha,Palaia,1964-09-11,Cherry Hill,43496 Commercial Dr #29,alpha@yahoo.com,2020-04-19,Sales,guest481
JACREF52H53O682I,Refugia,Jacobos,1952-06-13,Hayward,2184 Worth St,refugia.jacobos@jacobos.com,2020-04-15,Customer Service,guest482
YORSHA53M58I249C,Shawnda,Yori,1953-08-18,Longwood,50126 N Plankinton Ave,shawnda.yori@yahoo.com,2020-04-16,Development,guest483
DELMON62B51D693S,Mona,Delasancha,1962-02-11,Cheyenne,38773 Gravois Ave,mdelasancha@hotmail.com,2020-01-22,Finance,guest484
LIUGIL59H13C114N,Gilma,Liukko,1959-06-13,Garden City,16452 Greenwich St,gilma_liukko@gmail.com,2020-02-17,Human Resources,guest485
GABJAN53S41E276R,Janey,Gabisi,1953-11-01,Madison,40 Cambridge Ave,jgabisi@hotmail.com,2020-03-18,Marketing,guest486
PASLIL52L30S672D,Lili,Paskin,1952-07-30,Kearny,20113 4th Ave E,lili.paskin@cox.net,2020-04-12,Production,guest487
ASALOR58C47E366E,Loren,Asar,1958-03-07,Old Forge,6 Ridgewood Center Dr,loren.asar@aol.com,2020-04-15,Quality Management,guest488
CHEDOR53E46E742M,Dorothy,Chesterfield,1953-05-06,San Diego,469 Outwater Ln,dorothy@cox.net,2020-04-16,Research,guest489
SIMGAI64P30Q480M,Gail,Similton,1964-09-30,Thousand Palms,62 Monroe St,gail_similton@similton.com,2020-01-22,Sales,guest490
TILCAT53A16L531U,Catalina,Tillotson,1953-01-16,Margate City,3338 A Lockport Pl #6,catalina@hotmail.com,2020-02-01,Customer Service,guest491
LORLAW59C55C688P,Lawrence,Lorens,1959-03-15,Providence,9 Hwy,lawrence.lorens@hotmail.com,2020-03-08,Development,guest492
BOUCAR56H21I808V,Carlee,Boulter,1956-06-21,Abilene,8284 Hart St,carlee.boulter@hotmail.com,2020-04-19,Finance,guest493
ANKTHA63D13U647F,Thaddeus,Ankeny,1963-04-13,Roseville,5 Washington St #1,tankeny@ankeny.org,2020-04-15,Human Resources,guest494
OLEJOV63T15F415N,Jovita,Oles,1963-12-15,Daytona Beach,8 S Haven St,joles@gmail.com,2020-04-16,Marketing,guest495
HIXALE59T53A224G,Alesia,Hixenbaugh,1959-12-13,Washington,9 Front St,alesia_hixenbaugh@hixenbaugh.org,2020-01-22,Production,guest496
HARLAI60A70M144A,Lai,Harabedian,1960-01-30,Novato,1933 Packer Ave #2,lai@gmail.com,2020-02-17,Quality Management,guest497
GILBRI58M21C286B,Brittni,Gillaspie,1958-08-21,Boise,67 Rv Cent,bgillaspie@gillaspie.com,2020-03-18,Research,guest498
KAMRAY52C21S770D,Raylene,Kampa,1952-03-21,Elkhart,2 Sw Nyberg Rd,rkampa@kampa.org,2020-04-12,Sales,guest499
BOOFLO64D52N238D,Flo,Bookamer,1964-04-12,Alliance,89992 E 15th St,flo.bookamer@cox.net,2020-04-15,Customer Service,guest500
BIDJAN58E67V793L,Jani,Biddy,1958-05-27,Seattle,61556 W 20th Ave,jbiddy@yahoo.com,2020-04-16,Development,guest501
MOTCHA61S50O803G,Chauncey,Motley,1961-11-10,Orlando,63 E Aurora Dr,chauncey_motley@aol.com,2020-01-22,Finance,guest502
