2,1,1,AA,Administation.1@nome_azienda.com,Administation
3,2,1,AA,Administation.2@nome_azienda.com,Administation
4,3,1,AA,Administation.3@nome_azienda.com,Administation
5,4,1,AA,Administation.4@nome_azienda.com,Administation
6,5,1,AA,Administation.5@nome_azienda.com,Administation
7,6,1,AA,Administation.6@nome_azienda.com,Administation
8,7,1,AA,Administation.7@nome_azienda.com,Administation
9,8,1,AA,Administation.8@nome_azienda.com,Administation
10,9,1,AA,Administation.9@nome_azienda.com,Administation
11,10,1,AA,Administation.10@nome_azienda.com,Administation
12,11,1,AA,Administation.11@nome_azienda.com,Administation
13,12,1,AA,Administation.12@nome_azienda.com,Administation
14,13,1,AA,Administation.13@nome_azienda.com,Administation
15,14,1,AA,Administation.14@nome_azienda.com,Administation
16,15,1,AA,Administation.15@nome_azienda.com,Administation
17,1,2,AA,Spazi.1@nome_azienda.com,Spazi
18,2,2,AA,Spazi.2@nome_azienda.com,Spazi
19,3,2,AA,Spazi.3@nome_azienda.com,Spazi
20,4,2,AA,Spazi.4@nome_azienda.com,Spazi
21,5,2,AA,Spazi.5@nome_azienda.com,Spazi
22,6,2,AA,Spazi.6@nome_azienda.com,Spazi
23,7,2,AA,Spazi.7@nome_azienda.com,Spazi
24,8,2,AA,Spazi.8@nome_azienda.com,Spazi
25,9,2,AA,Spazi.9@nome_azienda.com,Spazi
26,10,2,AA,Spazi.10@nome_azienda.com,Spazi
27,11,2,AA,Spazi.11@nome_azienda.com,Spazi
28,12,2,AA,Spazi.12@nome_azienda.com,Spazi
29,13,2,AA,Spazi.13@nome_azienda.com,Spazi
30,14,2,AA,Spazi.14@nome_azienda.com,Spazi
31,15,2,AA,Spazi.15@nome_azienda.com,Spazi
32,1,3,AA,System Engineer.1@nome_azienda.com,System Engineer
33,2,3,AA,System Engineer.2@nome_azienda.com,System Engineer
34,3,3,AA,System Engineer.3@nome_azienda.com,System Engineer
35,4,3,AA,System Engineer.4@nome_azienda.com,System Engineer
36,5,3,AA,System Engineer.5@nome_azienda.com,System Engineer
37,6,3,AA,System Engineer.6@nome_azienda.com,System Engineer
38,7,3,AA,System Engineer.7@nome_azienda.com,System Engineer
39,8,3,AA,System Engineer.8@nome_azienda.com,System Engineer
40,9,3,AA,System Engineer.9@nome_azienda.com,System Engineer
41,10,3,AA,System Engineer.10@nome_azienda.com,System Engineer
42,11,3,AA,System Engineer.11@nome_azienda.com,System Engineer
43,12,3,AA,System Engineer.12@nome_azienda.com,System Engineer
44,13,3,AA,System Engineer.13@nome_azienda.com,System Engineer
45,14,3,AA,System Engineer.14@nome_azienda.com,System Engineer
46,15,3,AA,System Engineer.15@nome_azienda.com,System Engineer
47,1,4,AA,Development.1@nome_azienda.com,Development
48,2,4,AA,Development.2@nome_azienda.com,Development
49,3,4,AA,Development.3@nome_azienda.com,Development
50,4,4,AA,Development.4@nome_azienda.com,Development
51,5,4,AA,Development.5@nome_azienda.com,Development
52,6,4,AA,Development.6@nome_azienda.com,Development
53,7,4,AA,Development.7@nome_azienda.com,Development
54,8,4,AA,Development.8@nome_azienda.com,Development
55,9,4,AA,Development.9@nome_azienda.com,Development
56,10,4,AA,Development.10@nome_azienda.com,Development
57,11,4,AA,Development.11@nome_azienda.com,Development
58,12,4,AA,Development.12@nome_azienda.com,Development
59,13,4,AA,Development.13@nome_azienda.com,Development
60,14,4,AA,Development.14@nome_azienda.com,Development
61,15,4,AA,Development.15@nome_azienda.com,Development
62,1,1,BB,Customer Service.1@nome_azienda.com,Customer Service
63,2,1,BB,Customer Service.2@nome_azienda.com,Customer Service
64,3,1,BB,Customer Service.3@nome_azienda.com,Customer Service
65,4,1,BB,Customer Service.4@nome_azienda.com,Customer Service
66,5,1,BB,Customer Service.5@nome_azienda.com,Customer Service
67,6,1,BB,Customer Service.6@nome_azienda.com,Customer Service
68,7,1,BB,Customer Service.7@nome_azienda.com,Customer Service
69,8,1,BB,Customer Service.8@nome_azienda.com,Customer Service
70,9,1,BB,Customer Service.9@nome_azienda.com,Customer Service
71,10,1,BB,Customer Service.10@nome_azienda.com,Customer Service
72,11,1,BB,Customer Service.11@nome_azienda.com,Customer Service
73,12,1,BB,Customer Service.12@nome_azienda.com,Customer Service
74,13,1,BB,Customer Service.13@nome_azienda.com,Customer Service
75,14,1,BB,Customer Service.14@nome_azienda.com,Customer Service
76,15,1,BB,Customer Service.15@nome_azienda.com,Customer Service
77,1,2,BB,Human Resources.1@nome_azienda.com,Human Resources
78,2,2,BB,Human Resources.2@nome_azienda.com,Human Resources
79,3,2,BB,Human Resources.3@nome_azienda.com,Human Resources
80,4,2,BB,Human Resources.4@nome_azienda.com,Human Resources
81,5,2,BB,Human Resources.5@nome_azienda.com,Human Resources
82,6,2,BB,Human Resources.6@nome_azienda.com,Human Resources
83,7,2,BB,Human Resources.7@nome_azienda.com,Human Resources
84,8,2,BB,Human Resources.8@nome_azienda.com,Human Resources
85,9,2,BB,Human Resources.9@nome_azienda.com,Human Resources
86,10,2,BB,Human Resources.10@nome_azienda.com,Human Resources
87,11,2,BB,Human Resources.11@nome_azienda.com,Human Resources
88,12,2,BB,Human Resources.12@nome_azienda.com,Human Resources
89,13,2,BB,Human Resources.13@nome_azienda.com,Human Resources
90,14,2,BB,Human Resources.14@nome_azienda.com,Human Resources
91,15,2,BB,Human Resources.15@nome_azienda.com,Human Resources
92,1,3,BB,Finance.1@nome_azienda.com,Finance
93,2,3,BB,Finance.2@nome_azienda.com,Finance
94,3,3,BB,Finance.3@nome_azienda.com,Finance
95,4,3,BB,Finance.4@nome_azienda.com,Finance
96,5,3,BB,Finance.5@nome_azienda.com,Finance
97,6,3,BB,Finance.6@nome_azienda.com,Finance
98,7,3,BB,Finance.7@nome_azienda.com,Finance
99,8,3,BB,Finance.8@nome_azienda.com,Finance
100,9,3,BB,Finance.9@nome_azienda.com,Finance
101,10,3,BB,Finance.10@nome_azienda.com,Finance
102,11,3,BB,Finance.11@nome_azienda.com,Finance
103,12,3,BB,Finance.12@nome_azienda.com,Finance
104,13,3,BB,Finance.13@nome_azienda.com,Finance
105,14,3,BB,Finance.14@nome_azienda.com,Finance
106,15,3,BB,Finance.15@nome_azienda.com,Finance
107,1,4,BB,Research.1@nome_azienda.com,Research
108,2,4,BB,Research.2@nome_azienda.com,Research
109,3,4,BB,Research.3@nome_azienda.com,Research
110,4,4,BB,Research.4@nome_azienda.com,Research
111,5,4,BB,Research.5@nome_azienda.com,Research
112,6,4,BB,Research.6@nome_azienda.com,Research
113,7,4,BB,Research.7@nome_azienda.com,Research
114,8,4,BB,Research.8@nome_azienda.com,Research
115,9,4,BB,Research.9@nome_azienda.com,Research
116,10,4,BB,Research.10@nome_azienda.com,Research
117,11,4,BB,Research.11@nome_azienda.com,Research
118,12,4,BB,Research.12@nome_azienda.com,Research
119,13,4,BB,Research.13@nome_azienda.com,Research
120,14,4,BB,Research.14@nome_azienda.com,Research
121,15,4,BB,Research.15@nome_azienda.com,Research
122,1,1,CC,Marketing.1@nome_azienda.com,Marketing
123,2,1,CC,Marketing.2@nome_azienda.com,Marketing
124,3,1,CC,Marketing.3@nome_azienda.com,Marketing
125,4,1,CC,Marketing.4@nome_azienda.com,Marketing
126,5,1,CC,Marketing.5@nome_azienda.com,Marketing
127,6,1,CC,Marketing.6@nome_azienda.com,Marketing
128,7,1,CC,Marketing.7@nome_azienda.com,Marketing
129,8,1,CC,Marketing.8@nome_azienda.com,Marketing
130,9,1,CC,Marketing.9@nome_azienda.com,Marketing
131,10,1,CC,Marketing.10@nome_azienda.com,Marketing
132,11,1,CC,Marketing.11@nome_azienda.com,Marketing
133,12,1,CC,Marketing.12@nome_azienda.com,Marketing
134,13,1,CC,Marketing.13@nome_azienda.com,Marketing
135,14,1,CC,Marketing.14@nome_azienda.com,Marketing
136,15,1,CC,Marketing.15@nome_azienda.com,Marketing
137,1,2,CC,Production.1@nome_azienda.com,Production
138,2,2,CC,Production.2@nome_azienda.com,Production
139,3,2,CC,Production.3@nome_azienda.com,Production
140,4,2,CC,Production.4@nome_azienda.com,Production
141,5,2,CC,Production.5@nome_azienda.com,Production
142,6,2,CC,Production.6@nome_azienda.com,Production
143,7,2,CC,Production.7@nome_azienda.com,Production
144,8,2,CC,Production.8@nome_azienda.com,Production
145,9,2,CC,Production.9@nome_azienda.com,Production
146,10,2,CC,Production.10@nome_azienda.com,Production
147,11,2,CC,Production.11@nome_azienda.com,Production
148,12,2,CC,Production.12@nome_azienda.com,Production
149,13,2,CC,Production.13@nome_azienda.com,Production
150,14,2,CC,Production.14@nome_azienda.com,Production
151,15,2,CC,Production.15@nome_azienda.com,Production
152,1,3,CC,Sales.1@nome_azienda.com,Sales
153,2,3,CC,Sales.2@nome_azienda.com,Sales
154,3,3,CC,Sales.3@nome_azienda.com,Sales
155,4,3,CC,Sales.4@nome_azienda.com,Sales
156,5,3,CC,Sales.5@nome_azienda.com,Sales
157,6,3,CC,Sales.6@nome_azienda.com,Sales
158,7,3,CC,Sales.7@nome_azienda.com,Sales
159,8,3,CC,Sales.8@nome_azienda.com,Sales
160,9,3,CC,Sales.9@nome_azienda.com,Sales
161,10,3,CC,Sales.10@nome_azienda.com,Sales
162,11,3,CC,Sales.11@nome_azienda.com,Sales
163,12,3,CC,Sales.12@nome_azienda.com,Sales
164,13,3,CC,Sales.13@nome_azienda.com,Sales
165,14,3,CC,Sales.14@nome_azienda.com,Sales
166,15,3,CC,Sales.15@nome_azienda.com,Sales
167,1,4,CC,Quality Management.1@nome_azienda.com,Quality Management
168,2,4,CC,Quality Management.2@nome_azienda.com,Quality Management
169,3,4,CC,Quality Management.3@nome_azienda.com,Quality Management
170,4,4,CC,Quality Management.4@nome_azienda.com,Quality Management
171,5,4,CC,Quality Management.5@nome_azienda.com,Quality Management
172,6,4,CC,Quality Management.6@nome_azienda.com,Quality Management
173,7,4,CC,Quality Management.7@nome_azienda.com,Quality Management
174,8,4,CC,Quality Management.8@nome_azienda.com,Quality Management
175,9,4,CC,Quality Management.9@nome_azienda.com,Quality Management
176,10,4,CC,Quality Management.10@nome_azienda.com,Quality Management
177,11,4,CC,Quality Management.11@nome_azienda.com,Quality Management
178,12,4,CC,Quality Management.12@nome_azienda.com,Quality Management
179,13,4,CC,Quality Management.13@nome_azienda.com,Quality Management
180,14,4,CC,Quality Management.14@nome_azienda.com,Quality Management
181,15,4,CC,Quality Management.15@nome_azienda.com,Quality Management
