luca,aefe34008e63f1eb205dc4c4b8322253,dipAmministrazione
pippo,6dd1411a66159040b7fff30d0097dbe4,sistemista
lollo,0c88028bf3aa6a6a143ed846f2be1ea4,dipSpazi
guest,0c88028bf3aa6a6a143ed846f2be1ea4,dipendente
guest6,0c88028bf3aa6a6a143ed846f2be1ea4,dipendente
guest7,0c88028bf3aa6a6a143ed846f2be1ea4,dipendente
guest8,0c88028bf3aa6a6a143ed846f2be1ea4,dipendente
guest9,0c88028bf3aa6a6a143ed846f2be1ea4,dipendente
guest10,0c88028bf3aa6a6a143ed846f2be1ea4,dipendente
guest11,0c88028bf3aa6a6a143ed846f2be1ea4,dipendente
guest12,0c88028bf3aa6a6a143ed846f2be1ea4,dipendente
guest13,0c88028bf3aa6a6a143ed846f2be1ea4,dipendente
guest14,0c88028bf3aa6a6a143ed846f2be1ea4,dipendente
guest15,0c88028bf3aa6a6a143ed846f2be1ea4,dipendente
guest16,0c88028bf3aa6a6a143ed846f2be1ea4,dipendente
guest17,0c88028bf3aa6a6a143ed846f2be1ea4,dipendente
guest18,0c88028bf3aa6a6a143ed846f2be1ea4,dipendente
guest19,0c88028bf3aa6a6a143ed846f2be1ea4,dipendente
guest20,0c88028bf3aa6a6a143ed846f2be1ea4,dipendente
guest21,0c88028bf3aa6a6a143ed846f2be1ea4,dipendente
guest22,0c88028bf3aa6a6a143ed846f2be1ea4,dipendente
guest23,0c88028bf3aa6a6a143ed846f2be1ea4,dipendente
guest24,0c88028bf3aa6a6a143ed846f2be1ea4,dipendente
guest25,0c88028bf3aa6a6a143ed846f2be1ea4,dipendente
guest26,0c88028bf3aa6a6a143ed846f2be1ea4,dipendente
guest27,0c88028bf3aa6a6a143ed846f2be1ea4,dipendente
guest28,0c88028bf3aa6a6a143ed846f2be1ea4,dipendente
guest29,0c88028bf3aa6a6a143ed846f2be1ea4,dipendente
guest30,0c88028bf3aa6a6a143ed846f2be1ea4,dipendente
guest31,0c88028bf3aa6a6a143ed846f2be1ea4,dipendente
guest32,0c88028bf3aa6a6a143ed846f2be1ea4,dipendente
guest33,0c88028bf3aa6a6a143ed846f2be1ea4,dipendente
guest34,0c88028bf3aa6a6a143ed846f2be1ea4,dipendente
guest35,0c88028bf3aa6a6a143ed846f2be1ea4,dipendente
guest36,0c88028bf3aa6a6a143ed846f2be1ea4,dipendente
guest37,0c88028bf3aa6a6a143ed846f2be1ea4,dipendente
guest38,0c88028bf3aa6a6a143ed846f2be1ea4,dipendente
guest39,0c88028bf3aa6a6a143ed846f2be1ea4,dipendente
guest40,0c88028bf3aa6a6a143ed846f2be1ea4,dipendente
guest41,0c88028bf3aa6a6a143ed846f2be1ea4,dipAmministrazione
guest42,0c88028bf3aa6a6a143ed846f2be1ea4,sistemista
guest43,0c88028bf3aa6a6a143ed846f2be1ea4,dipSpazi
guest44,0c88028bf3aa6a6a143ed846f2be1ea4,dipendente
guest45,0c88028bf3aa6a6a143ed846f2be1ea4,dipendente
guest46,0c88028bf3aa6a6a143ed846f2be1ea4,dipendente
guest47,0c88028bf3aa6a6a143ed846f2be1ea4,dipendente
guest48,0c88028bf3aa6a6a143ed846f2be1ea4,dipendente
guest49,0c88028bf3aa6a6a143ed846f2be1ea4,dipendente
guest50,0c88028bf3aa6a6a143ed846f2be1ea4,dipendente
guest51,0c88028bf3aa6a6a143ed846f2be1ea4,dipendente
guest52,0c88028bf3aa6a6a143ed846f2be1ea4,dipendente
guest53,0c88028bf3aa6a6a143ed846f2be1ea4,dipendente
guest54,0c88028bf3aa6a6a143ed846f2be1ea4,dipendente
guest55,0c88028bf3aa6a6a143ed846f2be1ea4,dipendente
guest56,0c88028bf3aa6a6a143ed846f2be1ea4,dipendente
guest57,0c88028bf3aa6a6a143ed846f2be1ea4,dipendente
guest58,0c88028bf3aa6a6a143ed846f2be1ea4,dipendente
guest59,0c88028bf3aa6a6a143ed846f2be1ea4,dipendente
guest60,0c88028bf3aa6a6a143ed846f2be1ea4,dipendente
guest61,0c88028bf3aa6a6a143ed846f2be1ea4,dipendente
guest62,0c88028bf3aa6a6a143ed846f2be1ea4,dipendente
guest63,0c88028bf3aa6a6a143ed846f2be1ea4,dipendente
guest64,0c88028bf3aa6a6a143ed846f2be1ea4,dipendente
guest65,0c88028bf3aa6a6a143ed846f2be1ea4,dipendente
guest66,0c88028bf3aa6a6a143ed846f2be1ea4,dipendente
guest67,0c88028bf3aa6a6a143ed846f2be1ea4,dipendente
guest68,0c88028bf3aa6a6a143ed846f2be1ea4,dipendente
guest69,0c88028bf3aa6a6a143ed846f2be1ea4,dipendente
guest70,0c88028bf3aa6a6a143ed846f2be1ea4,dipendente
guest71,0c88028bf3aa6a6a143ed846f2be1ea4,dipendente
guest72,0c88028bf3aa6a6a143ed846f2be1ea4,dipendente
guest73,0c88028bf3aa6a6a143ed846f2be1ea4,dipendente
guest74,0c88028bf3aa6a6a143ed846f2be1ea4,dipendente
guest75,0c88028bf3aa6a6a143ed846f2be1ea4,dipendente
guest76,0c88028bf3aa6a6a143ed846f2be1ea4,dipendente
guest77,0c88028bf3aa6a6a143ed846f2be1ea4,dipendente
guest78,0c88028bf3aa6a6a143ed846f2be1ea4,dipendente
guest79,0c88028bf3aa6a6a143ed846f2be1ea4,dipendente
guest80,0c88028bf3aa6a6a143ed846f2be1ea4,dipAmministrazione
guest81,0c88028bf3aa6a6a143ed846f2be1ea4,sistemista
guest82,0c88028bf3aa6a6a143ed846f2be1ea4,dipSpazi
guest83,0c88028bf3aa6a6a143ed846f2be1ea4,dipendente
guest84,0c88028bf3aa6a6a143ed846f2be1ea4,dipendente
guest85,0c88028bf3aa6a6a143ed846f2be1ea4,dipendente
guest86,0c88028bf3aa6a6a143ed846f2be1ea4,dipendente
guest87,0c88028bf3aa6a6a143ed846f2be1ea4,dipendente
guest88,0c88028bf3aa6a6a143ed846f2be1ea4,dipendente
guest89,0c88028bf3aa6a6a143ed846f2be1ea4,dipendente
guest90,0c88028bf3aa6a6a143ed846f2be1ea4,dipendente
guest91,0c88028bf3aa6a6a143ed846f2be1ea4,dipendente
guest92,0c88028bf3aa6a6a143ed846f2be1ea4,dipendente
guest93,0c88028bf3aa6a6a143ed846f2be1ea4,dipendente
guest94,0c88028bf3aa6a6a143ed846f2be1ea4,dipendente
guest95,0c88028bf3aa6a6a143ed846f2be1ea4,dipendente
guest96,0c88028bf3aa6a6a143ed846f2be1ea4,dipendente
guest97,0c88028bf3aa6a6a143ed846f2be1ea4,dipendente
guest98,0c88028bf3aa6a6a143ed846f2be1ea4,dipendente
guest99,0c88028bf3aa6a6a143ed846f2be1ea4,dipendente
guest100,0c88028bf3aa6a6a143ed846f2be1ea4,dipendente
guest101,0c88028bf3aa6a6a143ed846f2be1ea4,dipendente
guest102,0c88028bf3aa6a6a143ed846f2be1ea4,dipendente
guest103,0c88028bf3aa6a6a143ed846f2be1ea4,dipendente
guest104,0c88028bf3aa6a6a143ed846f2be1ea4,dipendente
guest105,0c88028bf3aa6a6a143ed846f2be1ea4,dipendente
guest106,0c88028bf3aa6a6a143ed846f2be1ea4,dipendente
guest107,0c88028bf3aa6a6a143ed846f2be1ea4,dipendente
guest108,0c88028bf3aa6a6a143ed846f2be1ea4,dipendente
guest109,0c88028bf3aa6a6a143ed846f2be1ea4,dipendente
guest110,0c88028bf3aa6a6a143ed846f2be1ea4,dipendente
guest111,0c88028bf3aa6a6a143ed846f2be1ea4,dipendente
guest112,0c88028bf3aa6a6a143ed846f2be1ea4,dipendente
guest113,0c88028bf3aa6a6a143ed846f2be1ea4,dipendente
guest114,0c88028bf3aa6a6a143ed846f2be1ea4,dipendente
guest115,0c88028bf3aa6a6a143ed846f2be1ea4,dipendente
guest116,0c88028bf3aa6a6a143ed846f2be1ea4,dipendente
guest117,0c88028bf3aa6a6a143ed846f2be1ea4,dipendente
guest118,0c88028bf3aa6a6a143ed846f2be1ea4,dipendente
guest119,0c88028bf3aa6a6a143ed846f2be1ea4,dipAmministrazione
guest120,0c88028bf3aa6a6a143ed846f2be1ea4,sistemista
guest121,0c88028bf3aa6a6a143ed846f2be1ea4,dipSpazi
guest122,0c88028bf3aa6a6a143ed846f2be1ea4,dipendente
guest123,0c88028bf3aa6a6a143ed846f2be1ea4,dipendente
guest124,0c88028bf3aa6a6a143ed846f2be1ea4,dipendente
guest125,0c88028bf3aa6a6a143ed846f2be1ea4,dipendente
guest126,0c88028bf3aa6a6a143ed846f2be1ea4,dipendente
guest127,0c88028bf3aa6a6a143ed846f2be1ea4,dipendente
guest128,0c88028bf3aa6a6a143ed846f2be1ea4,dipendente
guest129,0c88028bf3aa6a6a143ed846f2be1ea4,dipendente
guest130,0c88028bf3aa6a6a143ed846f2be1ea4,dipendente
guest131,0c88028bf3aa6a6a143ed846f2be1ea4,dipendente
guest132,0c88028bf3aa6a6a143ed846f2be1ea4,dipendente
guest133,0c88028bf3aa6a6a143ed846f2be1ea4,dipendente
guest134,0c88028bf3aa6a6a143ed846f2be1ea4,dipendente
guest135,0c88028bf3aa6a6a143ed846f2be1ea4,dipendente
guest136,0c88028bf3aa6a6a143ed846f2be1ea4,dipendente
guest137,0c88028bf3aa6a6a143ed846f2be1ea4,dipendente
guest138,0c88028bf3aa6a6a143ed846f2be1ea4,dipendente
guest139,0c88028bf3aa6a6a143ed846f2be1ea4,dipendente
guest140,0c88028bf3aa6a6a143ed846f2be1ea4,dipendente
guest141,0c88028bf3aa6a6a143ed846f2be1ea4,dipendente
guest142,0c88028bf3aa6a6a143ed846f2be1ea4,dipendente
guest143,0c88028bf3aa6a6a143ed846f2be1ea4,dipendente
guest144,0c88028bf3aa6a6a143ed846f2be1ea4,dipendente
guest145,0c88028bf3aa6a6a143ed846f2be1ea4,dipendente
guest146,0c88028bf3aa6a6a143ed846f2be1ea4,dipendente
guest147,0c88028bf3aa6a6a143ed846f2be1ea4,dipendente
guest148,0c88028bf3aa6a6a143ed846f2be1ea4,dipendente
guest149,0c88028bf3aa6a6a143ed846f2be1ea4,dipendente
guest150,0c88028bf3aa6a6a143ed846f2be1ea4,dipendente
guest151,0c88028bf3aa6a6a143ed846f2be1ea4,dipendente
guest152,0c88028bf3aa6a6a143ed846f2be1ea4,dipendente
guest153,0c88028bf3aa6a6a143ed846f2be1ea4,dipendente
guest154,0c88028bf3aa6a6a143ed846f2be1ea4,dipendente
guest155,0c88028bf3aa6a6a143ed846f2be1ea4,dipendente
guest156,0c88028bf3aa6a6a143ed846f2be1ea4,dipendente
guest157,0c88028bf3aa6a6a143ed846f2be1ea4,dipendente
guest158,0c88028bf3aa6a6a143ed846f2be1ea4,dipAmministrazione
guest159,0c88028bf3aa6a6a143ed846f2be1ea4,sistemista
guest160,0c88028bf3aa6a6a143ed846f2be1ea4,dipSpazi
guest161,0c88028bf3aa6a6a143ed846f2be1ea4,dipendente
guest162,0c88028bf3aa6a6a143ed846f2be1ea4,dipendente
guest163,0c88028bf3aa6a6a143ed846f2be1ea4,dipendente
guest164,0c88028bf3aa6a6a143ed846f2be1ea4,dipendente
guest165,0c88028bf3aa6a6a143ed846f2be1ea4,dipendente
guest166,0c88028bf3aa6a6a143ed846f2be1ea4,dipendente
guest167,0c88028bf3aa6a6a143ed846f2be1ea4,dipendente
guest168,0c88028bf3aa6a6a143ed846f2be1ea4,dipendente
guest169,0c88028bf3aa6a6a143ed846f2be1ea4,dipendente
guest170,0c88028bf3aa6a6a143ed846f2be1ea4,dipendente
guest171,0c88028bf3aa6a6a143ed846f2be1ea4,dipendente
guest172,0c88028bf3aa6a6a143ed846f2be1ea4,dipendente
guest173,0c88028bf3aa6a6a143ed846f2be1ea4,dipendente
guest174,0c88028bf3aa6a6a143ed846f2be1ea4,dipendente
guest175,0c88028bf3aa6a6a143ed846f2be1ea4,dipendente
guest176,0c88028bf3aa6a6a143ed846f2be1ea4,dipendente
guest177,0c88028bf3aa6a6a143ed846f2be1ea4,dipendente
guest178,0c88028bf3aa6a6a143ed846f2be1ea4,dipendente
guest179,0c88028bf3aa6a6a143ed846f2be1ea4,dipendente
guest180,0c88028bf3aa6a6a143ed846f2be1ea4,dipendente
guest181,0c88028bf3aa6a6a143ed846f2be1ea4,dipendente
guest182,0c88028bf3aa6a6a143ed846f2be1ea4,dipendente
guest183,0c88028bf3aa6a6a143ed846f2be1ea4,dipendente
guest184,0c88028bf3aa6a6a143ed846f2be1ea4,dipendente
guest185,0c88028bf3aa6a6a143ed846f2be1ea4,dipendente
guest186,0c88028bf3aa6a6a143ed846f2be1ea4,dipendente
guest187,0c88028bf3aa6a6a143ed846f2be1ea4,dipendente
guest188,0c88028bf3aa6a6a143ed846f2be1ea4,dipendente
guest189,0c88028bf3aa6a6a143ed846f2be1ea4,dipendente
guest190,0c88028bf3aa6a6a143ed846f2be1ea4,dipendente
guest191,0c88028bf3aa6a6a143ed846f2be1ea4,dipendente
guest192,0c88028bf3aa6a6a143ed846f2be1ea4,dipendente
guest193,0c88028bf3aa6a6a143ed846f2be1ea4,dipendente
guest194,0c88028bf3aa6a6a143ed846f2be1ea4,dipendente
guest195,0c88028bf3aa6a6a143ed846f2be1ea4,dipendente
guest196,0c88028bf3aa6a6a143ed846f2be1ea4,dipendente
guest197,0c88028bf3aa6a6a143ed846f2be1ea4,dipAmministrazione
guest198,0c88028bf3aa6a6a143ed846f2be1ea4,sistemista
guest199,0c88028bf3aa6a6a143ed846f2be1ea4,dipSpazi
guest200,0c88028bf3aa6a6a143ed846f2be1ea4,dipendente
guest201,0c88028bf3aa6a6a143ed846f2be1ea4,dipendente
guest202,0c88028bf3aa6a6a143ed846f2be1ea4,dipendente
guest203,0c88028bf3aa6a6a143ed846f2be1ea4,dipendente
guest204,0c88028bf3aa6a6a143ed846f2be1ea4,dipendente
guest205,0c88028bf3aa6a6a143ed846f2be1ea4,dipendente
guest206,0c88028bf3aa6a6a143ed846f2be1ea4,dipendente
guest207,0c88028bf3aa6a6a143ed846f2be1ea4,dipendente
guest208,0c88028bf3aa6a6a143ed846f2be1ea4,dipendente
guest209,0c88028bf3aa6a6a143ed846f2be1ea4,dipendente
guest210,0c88028bf3aa6a6a143ed846f2be1ea4,dipendente
guest211,0c88028bf3aa6a6a143ed846f2be1ea4,dipendente
guest212,0c88028bf3aa6a6a143ed846f2be1ea4,dipendente
guest213,0c88028bf3aa6a6a143ed846f2be1ea4,dipendente
guest214,0c88028bf3aa6a6a143ed846f2be1ea4,dipendente
guest215,0c88028bf3aa6a6a143ed846f2be1ea4,dipendente
guest216,0c88028bf3aa6a6a143ed846f2be1ea4,dipendente
guest217,0c88028bf3aa6a6a143ed846f2be1ea4,dipendente
guest218,0c88028bf3aa6a6a143ed846f2be1ea4,dipendente
guest219,0c88028bf3aa6a6a143ed846f2be1ea4,dipendente
guest220,0c88028bf3aa6a6a143ed846f2be1ea4,dipendente
guest221,0c88028bf3aa6a6a143ed846f2be1ea4,dipendente
guest222,0c88028bf3aa6a6a143ed846f2be1ea4,dipendente
guest223,0c88028bf3aa6a6a143ed846f2be1ea4,dipendente
guest224,0c88028bf3aa6a6a143ed846f2be1ea4,dipendente
guest225,0c88028bf3aa6a6a143ed846f2be1ea4,dipendente
guest226,0c88028bf3aa6a6a143ed846f2be1ea4,dipendente
guest227,0c88028bf3aa6a6a143ed846f2be1ea4,dipendente
guest228,0c88028bf3aa6a6a143ed846f2be1ea4,dipendente
guest229,0c88028bf3aa6a6a143ed846f2be1ea4,dipendente
guest230,0c88028bf3aa6a6a143ed846f2be1ea4,dipendente
guest231,0c88028bf3aa6a6a143ed846f2be1ea4,dipendente
guest232,0c88028bf3aa6a6a143ed846f2be1ea4,dipendente
guest233,0c88028bf3aa6a6a143ed846f2be1ea4,dipendente
guest234,0c88028bf3aa6a6a143ed846f2be1ea4,dipendente
guest235,0c88028bf3aa6a6a143ed846f2be1ea4,dipendente
guest236,0c88028bf3aa6a6a143ed846f2be1ea4,dipAmministrazione
guest237,0c88028bf3aa6a6a143ed846f2be1ea4,sistemista
guest238,0c88028bf3aa6a6a143ed846f2be1ea4,dipSpazi
guest239,0c88028bf3aa6a6a143ed846f2be1ea4,dipendente
guest240,0c88028bf3aa6a6a143ed846f2be1ea4,dipendente
guest241,0c88028bf3aa6a6a143ed846f2be1ea4,dipendente
guest242,0c88028bf3aa6a6a143ed846f2be1ea4,dipendente
guest243,0c88028bf3aa6a6a143ed846f2be1ea4,dipendente
guest244,0c88028bf3aa6a6a143ed846f2be1ea4,dipendente
guest245,0c88028bf3aa6a6a143ed846f2be1ea4,dipendente
guest246,0c88028bf3aa6a6a143ed846f2be1ea4,dipendente
guest247,0c88028bf3aa6a6a143ed846f2be1ea4,dipendente
guest248,0c88028bf3aa6a6a143ed846f2be1ea4,dipendente
guest249,0c88028bf3aa6a6a143ed846f2be1ea4,dipendente
guest250,0c88028bf3aa6a6a143ed846f2be1ea4,dipendente
guest251,0c88028bf3aa6a6a143ed846f2be1ea4,dipendente
guest252,0c88028bf3aa6a6a143ed846f2be1ea4,dipendente
guest253,0c88028bf3aa6a6a143ed846f2be1ea4,dipendente
guest254,0c88028bf3aa6a6a143ed846f2be1ea4,dipendente
guest255,0c88028bf3aa6a6a143ed846f2be1ea4,dipendente
guest256,0c88028bf3aa6a6a143ed846f2be1ea4,dipendente
guest257,0c88028bf3aa6a6a143ed846f2be1ea4,dipendente
guest258,0c88028bf3aa6a6a143ed846f2be1ea4,dipendente
guest259,0c88028bf3aa6a6a143ed846f2be1ea4,dipendente
guest260,0c88028bf3aa6a6a143ed846f2be1ea4,dipendente
guest261,0c88028bf3aa6a6a143ed846f2be1ea4,dipendente
guest262,0c88028bf3aa6a6a143ed846f2be1ea4,dipendente
guest263,0c88028bf3aa6a6a143ed846f2be1ea4,dipendente
guest264,0c88028bf3aa6a6a143ed846f2be1ea4,dipendente
guest265,0c88028bf3aa6a6a143ed846f2be1ea4,dipendente
guest266,0c88028bf3aa6a6a143ed846f2be1ea4,dipendente
guest267,0c88028bf3aa6a6a143ed846f2be1ea4,dipendente
guest268,0c88028bf3aa6a6a143ed846f2be1ea4,dipendente
guest269,0c88028bf3aa6a6a143ed846f2be1ea4,dipendente
guest270,0c88028bf3aa6a6a143ed846f2be1ea4,dipendente
guest271,0c88028bf3aa6a6a143ed846f2be1ea4,dipendente
guest272,0c88028bf3aa6a6a143ed846f2be1ea4,dipendente
guest273,0c88028bf3aa6a6a143ed846f2be1ea4,dipendente
guest274,0c88028bf3aa6a6a143ed846f2be1ea4,dipendente
guest275,0c88028bf3aa6a6a143ed846f2be1ea4,dipAmministrazione
guest276,0c88028bf3aa6a6a143ed846f2be1ea4,sistemista
guest277,0c88028bf3aa6a6a143ed846f2be1ea4,dipSpazi
guest278,0c88028bf3aa6a6a143ed846f2be1ea4,dipendente
guest279,0c88028bf3aa6a6a143ed846f2be1ea4,dipendente
guest280,0c88028bf3aa6a6a143ed846f2be1ea4,dipendente
guest281,0c88028bf3aa6a6a143ed846f2be1ea4,dipendente
guest282,0c88028bf3aa6a6a143ed846f2be1ea4,dipendente
guest283,0c88028bf3aa6a6a143ed846f2be1ea4,dipendente
guest284,0c88028bf3aa6a6a143ed846f2be1ea4,dipendente
guest285,0c88028bf3aa6a6a143ed846f2be1ea4,dipendente
guest286,0c88028bf3aa6a6a143ed846f2be1ea4,dipendente
guest287,0c88028bf3aa6a6a143ed846f2be1ea4,dipendente
guest288,0c88028bf3aa6a6a143ed846f2be1ea4,dipendente
guest289,0c88028bf3aa6a6a143ed846f2be1ea4,dipendente
guest290,0c88028bf3aa6a6a143ed846f2be1ea4,dipendente
guest291,0c88028bf3aa6a6a143ed846f2be1ea4,dipendente
guest292,0c88028bf3aa6a6a143ed846f2be1ea4,dipendente
guest293,0c88028bf3aa6a6a143ed846f2be1ea4,dipendente
guest294,0c88028bf3aa6a6a143ed846f2be1ea4,dipendente
guest295,0c88028bf3aa6a6a143ed846f2be1ea4,dipendente
guest296,0c88028bf3aa6a6a143ed846f2be1ea4,dipendente
guest297,0c88028bf3aa6a6a143ed846f2be1ea4,dipendente
guest298,0c88028bf3aa6a6a143ed846f2be1ea4,dipendente
guest299,0c88028bf3aa6a6a143ed846f2be1ea4,dipendente
guest300,0c88028bf3aa6a6a143ed846f2be1ea4,dipendente
guest301,0c88028bf3aa6a6a143ed846f2be1ea4,dipendente
guest302,0c88028bf3aa6a6a143ed846f2be1ea4,dipendente
guest303,0c88028bf3aa6a6a143ed846f2be1ea4,dipendente
guest304,0c88028bf3aa6a6a143ed846f2be1ea4,dipendente
guest305,0c88028bf3aa6a6a143ed846f2be1ea4,dipendente
guest306,0c88028bf3aa6a6a143ed846f2be1ea4,dipendente
guest307,0c88028bf3aa6a6a143ed846f2be1ea4,dipendente
guest308,0c88028bf3aa6a6a143ed846f2be1ea4,dipendente
guest309,0c88028bf3aa6a6a143ed846f2be1ea4,dipendente
guest310,0c88028bf3aa6a6a143ed846f2be1ea4,dipendente
guest311,0c88028bf3aa6a6a143ed846f2be1ea4,dipendente
guest312,0c88028bf3aa6a6a143ed846f2be1ea4,dipendente
guest313,0c88028bf3aa6a6a143ed846f2be1ea4,dipendente
guest314,0c88028bf3aa6a6a143ed846f2be1ea4,dipAmministrazione
guest315,0c88028bf3aa6a6a143ed846f2be1ea4,sistemista
guest316,0c88028bf3aa6a6a143ed846f2be1ea4,dipSpazi
guest317,0c88028bf3aa6a6a143ed846f2be1ea4,dipendente
guest318,0c88028bf3aa6a6a143ed846f2be1ea4,dipendente
guest319,0c88028bf3aa6a6a143ed846f2be1ea4,dipendente
guest320,0c88028bf3aa6a6a143ed846f2be1ea4,dipendente
guest321,0c88028bf3aa6a6a143ed846f2be1ea4,dipendente
guest322,0c88028bf3aa6a6a143ed846f2be1ea4,dipendente
guest323,0c88028bf3aa6a6a143ed846f2be1ea4,dipendente
guest324,0c88028bf3aa6a6a143ed846f2be1ea4,dipendente
guest325,0c88028bf3aa6a6a143ed846f2be1ea4,dipendente
guest326,0c88028bf3aa6a6a143ed846f2be1ea4,dipendente
guest327,0c88028bf3aa6a6a143ed846f2be1ea4,dipendente
guest328,0c88028bf3aa6a6a143ed846f2be1ea4,dipendente
guest329,0c88028bf3aa6a6a143ed846f2be1ea4,dipendente
guest330,0c88028bf3aa6a6a143ed846f2be1ea4,dipendente
guest331,0c88028bf3aa6a6a143ed846f2be1ea4,dipendente
guest332,0c88028bf3aa6a6a143ed846f2be1ea4,dipendente
guest333,0c88028bf3aa6a6a143ed846f2be1ea4,dipendente
guest334,0c88028bf3aa6a6a143ed846f2be1ea4,dipendente
guest335,0c88028bf3aa6a6a143ed846f2be1ea4,dipendente
guest336,0c88028bf3aa6a6a143ed846f2be1ea4,dipendente
guest337,0c88028bf3aa6a6a143ed846f2be1ea4,dipendente
guest338,0c88028bf3aa6a6a143ed846f2be1ea4,dipendente
guest339,0c88028bf3aa6a6a143ed846f2be1ea4,dipendente
guest340,0c88028bf3aa6a6a143ed846f2be1ea4,dipendente
guest341,0c88028bf3aa6a6a143ed846f2be1ea4,dipendente
guest342,0c88028bf3aa6a6a143ed846f2be1ea4,dipendente
guest343,0c88028bf3aa6a6a143ed846f2be1ea4,dipendente
guest344,0c88028bf3aa6a6a143ed846f2be1ea4,dipendente
guest345,0c88028bf3aa6a6a143ed846f2be1ea4,dipendente
guest346,0c88028bf3aa6a6a143ed846f2be1ea4,dipendente
guest347,0c88028bf3aa6a6a143ed846f2be1ea4,dipendente
guest348,0c88028bf3aa6a6a143ed846f2be1ea4,dipendente
guest349,0c88028bf3aa6a6a143ed846f2be1ea4,dipendente
guest350,0c88028bf3aa6a6a143ed846f2be1ea4,dipendente
guest351,0c88028bf3aa6a6a143ed846f2be1ea4,dipendente
guest352,0c88028bf3aa6a6a143ed846f2be1ea4,dipendente
guest353,0c88028bf3aa6a6a143ed846f2be1ea4,dipAmministrazione
guest354,0c88028bf3aa6a6a143ed846f2be1ea4,sistemista
guest355,0c88028bf3aa6a6a143ed846f2be1ea4,dipSpazi
guest356,0c88028bf3aa6a6a143ed846f2be1ea4,dipendente
guest357,0c88028bf3aa6a6a143ed846f2be1ea4,dipendente
guest358,0c88028bf3aa6a6a143ed846f2be1ea4,dipendente
guest359,0c88028bf3aa6a6a143ed846f2be1ea4,dipendente
guest360,0c88028bf3aa6a6a143ed846f2be1ea4,dipendente
guest361,0c88028bf3aa6a6a143ed846f2be1ea4,dipendente
guest362,0c88028bf3aa6a6a143ed846f2be1ea4,dipendente
guest363,0c88028bf3aa6a6a143ed846f2be1ea4,dipendente
guest364,0c88028bf3aa6a6a143ed846f2be1ea4,dipendente
guest365,0c88028bf3aa6a6a143ed846f2be1ea4,dipendente
guest366,0c88028bf3aa6a6a143ed846f2be1ea4,dipendente
guest367,0c88028bf3aa6a6a143ed846f2be1ea4,dipendente
guest368,0c88028bf3aa6a6a143ed846f2be1ea4,dipendente
guest369,0c88028bf3aa6a6a143ed846f2be1ea4,dipendente
guest370,0c88028bf3aa6a6a143ed846f2be1ea4,dipendente
guest371,0c88028bf3aa6a6a143ed846f2be1ea4,dipendente
guest372,0c88028bf3aa6a6a143ed846f2be1ea4,dipendente
guest373,0c88028bf3aa6a6a143ed846f2be1ea4,dipendente
guest374,0c88028bf3aa6a6a143ed846f2be1ea4,dipendente
guest375,0c88028bf3aa6a6a143ed846f2be1ea4,dipendente
guest376,0c88028bf3aa6a6a143ed846f2be1ea4,dipendente
guest377,0c88028bf3aa6a6a143ed846f2be1ea4,dipendente
guest378,0c88028bf3aa6a6a143ed846f2be1ea4,dipendente
guest379,0c88028bf3aa6a6a143ed846f2be1ea4,dipendente
guest380,0c88028bf3aa6a6a143ed846f2be1ea4,dipendente
guest381,0c88028bf3aa6a6a143ed846f2be1ea4,dipendente
guest382,0c88028bf3aa6a6a143ed846f2be1ea4,dipendente
guest383,0c88028bf3aa6a6a143ed846f2be1ea4,dipendente
guest384,0c88028bf3aa6a6a143ed846f2be1ea4,dipendente
guest385,0c88028bf3aa6a6a143ed846f2be1ea4,dipendente
guest386,0c88028bf3aa6a6a143ed846f2be1ea4,dipendente
guest387,0c88028bf3aa6a6a143ed846f2be1ea4,dipendente
guest388,0c88028bf3aa6a6a143ed846f2be1ea4,dipendente
guest389,0c88028bf3aa6a6a143ed846f2be1ea4,dipendente
guest390,0c88028bf3aa6a6a143ed846f2be1ea4,dipendente
guest391,0c88028bf3aa6a6a143ed846f2be1ea4,dipendente
guest392,0c88028bf3aa6a6a143ed846f2be1ea4,dipAmministrazione
guest393,0c88028bf3aa6a6a143ed846f2be1ea4,sistemista
guest394,0c88028bf3aa6a6a143ed846f2be1ea4,dipSpazi
guest395,0c88028bf3aa6a6a143ed846f2be1ea4,dipendente
guest396,0c88028bf3aa6a6a143ed846f2be1ea4,dipendente
guest397,0c88028bf3aa6a6a143ed846f2be1ea4,dipendente
guest398,0c88028bf3aa6a6a143ed846f2be1ea4,dipendente
guest399,0c88028bf3aa6a6a143ed846f2be1ea4,dipendente
guest400,0c88028bf3aa6a6a143ed846f2be1ea4,dipendente
guest401,0c88028bf3aa6a6a143ed846f2be1ea4,dipendente
guest402,0c88028bf3aa6a6a143ed846f2be1ea4,dipendente
guest403,0c88028bf3aa6a6a143ed846f2be1ea4,dipendente
guest404,0c88028bf3aa6a6a143ed846f2be1ea4,dipendente
guest405,0c88028bf3aa6a6a143ed846f2be1ea4,dipendente
guest406,0c88028bf3aa6a6a143ed846f2be1ea4,dipendente
guest407,0c88028bf3aa6a6a143ed846f2be1ea4,dipendente
guest408,0c88028bf3aa6a6a143ed846f2be1ea4,dipendente
guest409,0c88028bf3aa6a6a143ed846f2be1ea4,dipendente
guest410,0c88028bf3aa6a6a143ed846f2be1ea4,dipendente
guest411,0c88028bf3aa6a6a143ed846f2be1ea4,dipendente
guest412,0c88028bf3aa6a6a143ed846f2be1ea4,dipendente
guest413,0c88028bf3aa6a6a143ed846f2be1ea4,dipendente
guest414,0c88028bf3aa6a6a143ed846f2be1ea4,dipendente
guest415,0c88028bf3aa6a6a143ed846f2be1ea4,dipendente
guest416,0c88028bf3aa6a6a143ed846f2be1ea4,dipendente
guest417,0c88028bf3aa6a6a143ed846f2be1ea4,dipendente
guest418,0c88028bf3aa6a6a143ed846f2be1ea4,dipendente
guest419,0c88028bf3aa6a6a143ed846f2be1ea4,dipendente
guest420,0c88028bf3aa6a6a143ed846f2be1ea4,dipendente
guest421,0c88028bf3aa6a6a143ed846f2be1ea4,dipendente
guest422,0c88028bf3aa6a6a143ed846f2be1ea4,dipendente
guest423,0c88028bf3aa6a6a143ed846f2be1ea4,dipendente
guest424,0c88028bf3aa6a6a143ed846f2be1ea4,dipendente
guest425,0c88028bf3aa6a6a143ed846f2be1ea4,dipendente
guest426,0c88028bf3aa6a6a143ed846f2be1ea4,dipendente
guest427,0c88028bf3aa6a6a143ed846f2be1ea4,dipendente
guest428,0c88028bf3aa6a6a143ed846f2be1ea4,dipendente
guest429,0c88028bf3aa6a6a143ed846f2be1ea4,dipendente
guest430,0c88028bf3aa6a6a143ed846f2be1ea4,dipendente
guest431,0c88028bf3aa6a6a143ed846f2be1ea4,dipAmministrazione
guest432,0c88028bf3aa6a6a143ed846f2be1ea4,sistemista
guest433,0c88028bf3aa6a6a143ed846f2be1ea4,dipSpazi
guest434,0c88028bf3aa6a6a143ed846f2be1ea4,dipendente
guest435,0c88028bf3aa6a6a143ed846f2be1ea4,dipendente
guest436,0c88028bf3aa6a6a143ed846f2be1ea4,dipendente
guest437,0c88028bf3aa6a6a143ed846f2be1ea4,dipendente
guest438,0c88028bf3aa6a6a143ed846f2be1ea4,dipendente
guest439,0c88028bf3aa6a6a143ed846f2be1ea4,dipendente
guest440,0c88028bf3aa6a6a143ed846f2be1ea4,dipendente
guest441,0c88028bf3aa6a6a143ed846f2be1ea4,dipendente
guest442,0c88028bf3aa6a6a143ed846f2be1ea4,dipendente
guest443,0c88028bf3aa6a6a143ed846f2be1ea4,dipendente
guest444,0c88028bf3aa6a6a143ed846f2be1ea4,dipendente
guest445,0c88028bf3aa6a6a143ed846f2be1ea4,dipendente
guest446,0c88028bf3aa6a6a143ed846f2be1ea4,dipendente
guest447,0c88028bf3aa6a6a143ed846f2be1ea4,dipendente
guest448,0c88028bf3aa6a6a143ed846f2be1ea4,dipendente
guest449,0c88028bf3aa6a6a143ed846f2be1ea4,dipendente
guest450,0c88028bf3aa6a6a143ed846f2be1ea4,dipendente
guest451,0c88028bf3aa6a6a143ed846f2be1ea4,dipendente
guest452,0c88028bf3aa6a6a143ed846f2be1ea4,dipendente
guest453,0c88028bf3aa6a6a143ed846f2be1ea4,dipendente
guest454,0c88028bf3aa6a6a143ed846f2be1ea4,dipendente
guest455,0c88028bf3aa6a6a143ed846f2be1ea4,dipendente
guest456,0c88028bf3aa6a6a143ed846f2be1ea4,dipendente
guest457,0c88028bf3aa6a6a143ed846f2be1ea4,dipendente
guest458,0c88028bf3aa6a6a143ed846f2be1ea4,dipendente
guest459,0c88028bf3aa6a6a143ed846f2be1ea4,dipendente
guest460,0c88028bf3aa6a6a143ed846f2be1ea4,dipendente
guest461,0c88028bf3aa6a6a143ed846f2be1ea4,dipendente
guest462,0c88028bf3aa6a6a143ed846f2be1ea4,dipendente
guest463,0c88028bf3aa6a6a143ed846f2be1ea4,dipendente
guest464,0c88028bf3aa6a6a143ed846f2be1ea4,dipendente
guest465,0c88028bf3aa6a6a143ed846f2be1ea4,dipendente
guest466,0c88028bf3aa6a6a143ed846f2be1ea4,dipendente
guest467,0c88028bf3aa6a6a143ed846f2be1ea4,dipendente
guest468,0c88028bf3aa6a6a143ed846f2be1ea4,dipendente
guest469,0c88028bf3aa6a6a143ed846f2be1ea4,dipendente
guest470,0c88028bf3aa6a6a143ed846f2be1ea4,dipAmministrazione
guest471,0c88028bf3aa6a6a143ed846f2be1ea4,sistemista
guest472,0c88028bf3aa6a6a143ed846f2be1ea4,dipSpazi
guest473,0c88028bf3aa6a6a143ed846f2be1ea4,dipendente
guest474,0c88028bf3aa6a6a143ed846f2be1ea4,dipendente
guest475,0c88028bf3aa6a6a143ed846f2be1ea4,dipendente
guest476,0c88028bf3aa6a6a143ed846f2be1ea4,dipendente
guest477,0c88028bf3aa6a6a143ed846f2be1ea4,dipendente
guest478,0c88028bf3aa6a6a143ed846f2be1ea4,dipendente
guest479,0c88028bf3aa6a6a143ed846f2be1ea4,dipendente
guest480,0c88028bf3aa6a6a143ed846f2be1ea4,dipendente
guest481,0c88028bf3aa6a6a143ed846f2be1ea4,dipendente
guest482,0c88028bf3aa6a6a143ed846f2be1ea4,dipendente
guest483,0c88028bf3aa6a6a143ed846f2be1ea4,dipendente
guest484,0c88028bf3aa6a6a143ed846f2be1ea4,dipendente
guest485,0c88028bf3aa6a6a143ed846f2be1ea4,dipendente
guest486,0c88028bf3aa6a6a143ed846f2be1ea4,dipendente
guest487,0c88028bf3aa6a6a143ed846f2be1ea4,dipendente
guest488,0c88028bf3aa6a6a143ed846f2be1ea4,dipendente
guest489,0c88028bf3aa6a6a143ed846f2be1ea4,dipendente
guest490,0c88028bf3aa6a6a143ed846f2be1ea4,dipendente
guest491,0c88028bf3aa6a6a143ed846f2be1ea4,dipendente
guest492,0c88028bf3aa6a6a143ed846f2be1ea4,dipendente
guest493,0c88028bf3aa6a6a143ed846f2be1ea4,dipendente
guest494,0c88028bf3aa6a6a143ed846f2be1ea4,dipendente
guest495,0c88028bf3aa6a6a143ed846f2be1ea4,dipendente
guest496,0c88028bf3aa6a6a143ed846f2be1ea4,dipendente
guest497,0c88028bf3aa6a6a143ed846f2be1ea4,dipendente
guest498,0c88028bf3aa6a6a143ed846f2be1ea4,dipendente
guest499,0c88028bf3aa6a6a143ed846f2be1ea4,dipendente
guest500,0c88028bf3aa6a6a143ed846f2be1ea4,dipendente
guest501,0c88028bf3aa6a6a143ed846f2be1ea4,dipendente
guest502,0c88028bf3aa6a6a143ed846f2be1ea4,dipendente
